subject,condition,target,rating
9944759,warmth-bias,pity.target,5
9944759,warmth-bias,envy.target,3
9943114,warmth-bias,envy.target,6
9943114,warmth-bias,pity.target,7
9937749,warmth-bias,pity.target,6
9937749,warmth-bias,envy.target,3
9932883,warmth-bias,pity.target,6
9932883,warmth-bias,envy.target,5
9927789,warmth-bias,pity.target,6
9927789,warmth-bias,envy.target,5
9927287,warmth-bias,envy.target,6
9927287,warmth-bias,pity.target,6
9921643,equal,envy.target,5
9921643,equal,pity.target,6
9909757,competence-bias,pity.target,6
9909757,competence-bias,envy.target,6
9905531,competence-bias,envy.target,6
9905531,competence-bias,pity.target,5
9899590,equal,envy.target,6
9899590,equal,pity.target,6
9893544,warmth-bias,pity.target,5
9893544,warmth-bias,envy.target,4
9892080,equal,envy.target,6
9892080,equal,pity.target,6
9890806,warmth-bias,envy.target,6
9890806,warmth-bias,pity.target,7
9880555,competence-bias,pity.target,4
9880555,competence-bias,envy.target,5
9876335,competence-bias,envy.target,6
9876335,competence-bias,pity.target,3
9872407,equal,pity.target,7
9872407,equal,envy.target,6
9871259,equal,envy.target,7
9871259,equal,pity.target,6
9868473,equal,pity.target,6
9868473,equal,envy.target,5
9854211,competence-bias,envy.target,7
9854211,competence-bias,pity.target,6
9852358,warmth-bias,pity.target,6
9852358,warmth-bias,envy.target,6
9849457,equal,pity.target,5
9849457,equal,envy.target,6
9838518,equal,pity.target,4
9838518,equal,envy.target,5
9834371,warmth-bias,pity.target,7
9834371,warmth-bias,envy.target,5
9833510,equal,pity.target,6
9833510,equal,envy.target,7
9830199,competence-bias,pity.target,4
9830199,competence-bias,envy.target,6
9829623,equal,envy.target,7
9829623,equal,pity.target,6
9826913,competence-bias,envy.target,6
9826913,competence-bias,pity.target,3
9818940,equal,envy.target,6
9818940,equal,pity.target,5
9809681,competence-bias,envy.target,6
9809681,competence-bias,pity.target,5
9804620,warmth-bias,envy.target,4
9804620,warmth-bias,pity.target,6
9802680,competence-bias,pity.target,3
9802680,competence-bias,envy.target,6
9794178,equal,envy.target,7
9794178,equal,pity.target,5
9794136,competence-bias,pity.target,3
9794136,competence-bias,envy.target,7
9777621,warmth-bias,pity.target,6
9777621,warmth-bias,envy.target,3
9775975,warmth-bias,pity.target,6
9775975,warmth-bias,envy.target,3
9774336,warmth-bias,pity.target,7
9774336,warmth-bias,envy.target,5
9770942,warmth-bias,envy.target,5
9770942,warmth-bias,pity.target,7
9764557,warmth-bias,pity.target,6
9764557,warmth-bias,envy.target,3
9759511,equal,envy.target,6
9759511,equal,pity.target,5
9755528,competence-bias,envy.target,6
9755528,competence-bias,pity.target,4
9749413,competence-bias,pity.target,4
9749413,competence-bias,envy.target,4
9746652,competence-bias,pity.target,5
9746652,competence-bias,envy.target,7
9737840,competence-bias,envy.target,3
9737840,competence-bias,pity.target,6
9719759,competence-bias,envy.target,7
9719759,competence-bias,pity.target,6
9718571,equal,envy.target,5
9718571,equal,pity.target,6
9717063,competence-bias,pity.target,4
9717063,competence-bias,envy.target,4
9700803,warmth-bias,envy.target,7
9700803,warmth-bias,pity.target,6
9684089,equal,pity.target,4
9684089,equal,envy.target,6
9681892,competence-bias,pity.target,4
9681892,competence-bias,envy.target,6
9670138,equal,pity.target,7
9670138,equal,envy.target,7
9666112,competence-bias,pity.target,5
9666112,competence-bias,envy.target,6
9662253,competence-bias,envy.target,7
9662253,competence-bias,pity.target,5
9647707,warmth-bias,pity.target,2
9647707,warmth-bias,envy.target,5
9639776,equal,pity.target,5
9639776,equal,envy.target,6
9635680,equal,envy.target,6
9635680,equal,pity.target,5
9631598,warmth-bias,pity.target,6
9631598,warmth-bias,envy.target,3
9615003,equal,pity.target,6
9615003,equal,envy.target,6
9613011,warmth-bias,envy.target,6
9613011,warmth-bias,pity.target,7
9609648,equal,envy.target,6
9609648,equal,pity.target,5
9605684,warmth-bias,pity.target,5
9605684,warmth-bias,envy.target,6
9588709,warmth-bias,envy.target,3
9588709,warmth-bias,pity.target,6
9584806,competence-bias,pity.target,6
9584806,competence-bias,envy.target,7
9577698,competence-bias,envy.target,6
9577698,competence-bias,pity.target,7
9576895,competence-bias,envy.target,7
9576895,competence-bias,pity.target,5
9576145,warmth-bias,envy.target,6
9576145,warmth-bias,pity.target,6
9565266,competence-bias,pity.target,6
9565266,competence-bias,envy.target,5
9539897,equal,envy.target,5
9539897,equal,pity.target,7
9539209,warmth-bias,envy.target,5
9539209,warmth-bias,pity.target,3
9520206,warmth-bias,pity.target,7
9520206,warmth-bias,envy.target,5
9515705,equal,pity.target,3
9515705,equal,envy.target,6
9514551,warmth-bias,envy.target,5
9514551,warmth-bias,pity.target,6
9498142,equal,pity.target,4
9498142,equal,envy.target,5
9494685,competence-bias,envy.target,6
9494685,competence-bias,pity.target,4
9484947,equal,envy.target,6
9484947,equal,pity.target,6
9483542,competence-bias,pity.target,7
9483542,competence-bias,envy.target,7
9477847,competence-bias,pity.target,4
9477847,competence-bias,envy.target,6
9474425,equal,pity.target,5
9474425,equal,envy.target,5
9470198,warmth-bias,envy.target,6
9470198,warmth-bias,pity.target,6
9454401,warmth-bias,pity.target,6
9454401,warmth-bias,envy.target,3
9444689,warmth-bias,pity.target,6
9444689,warmth-bias,envy.target,5
9435179,equal,envy.target,4
9435179,equal,pity.target,5
9429004,equal,envy.target,5
9429004,equal,pity.target,5
9414705,competence-bias,pity.target,7
9414705,competence-bias,envy.target,6
9411508,equal,pity.target,5
9411508,equal,envy.target,6
9409075,equal,envy.target,5
9409075,equal,pity.target,3
9404110,warmth-bias,envy.target,6
9404110,warmth-bias,pity.target,6
9399518,competence-bias,envy.target,4
9399518,competence-bias,pity.target,4
9389980,equal,envy.target,5
9389980,equal,pity.target,5
9380728,equal,pity.target,5
9380728,equal,envy.target,6
9366911,competence-bias,envy.target,7
9366911,competence-bias,pity.target,5
9366512,warmth-bias,envy.target,5
9366512,warmth-bias,pity.target,6
9360232,warmth-bias,pity.target,4
9360232,warmth-bias,envy.target,5
9358381,competence-bias,envy.target,7
9358381,competence-bias,pity.target,2
9349910,warmth-bias,envy.target,5
9349910,warmth-bias,pity.target,7
9347325,equal,pity.target,6
9347325,equal,envy.target,4
9342434,equal,pity.target,6
9342434,equal,envy.target,5
9331662,equal,pity.target,5
9331662,equal,envy.target,5
9317197,warmth-bias,pity.target,6
9317197,warmth-bias,envy.target,3
9308598,competence-bias,pity.target,5
9308598,competence-bias,envy.target,6
9305802,equal,pity.target,6
9305802,equal,envy.target,5
9299314,competence-bias,envy.target,7
9299314,competence-bias,pity.target,2
9295451,competence-bias,pity.target,5
9295451,competence-bias,envy.target,7
9284313,equal,pity.target,6
9284313,equal,envy.target,6
9278732,equal,envy.target,4
9278732,equal,pity.target,4
9263046,warmth-bias,envy.target,1
9263046,warmth-bias,pity.target,7
9259616,competence-bias,pity.target,6
9259616,competence-bias,envy.target,6
9256081,equal,envy.target,4
9256081,equal,pity.target,5
9253894,equal,pity.target,5
9253894,equal,envy.target,5
9228471,equal,pity.target,4
9228471,equal,envy.target,4
9212608,competence-bias,pity.target,3
9212608,competence-bias,envy.target,6
9211064,warmth-bias,pity.target,6
9211064,warmth-bias,envy.target,3
9206776,competence-bias,pity.target,3
9206776,competence-bias,envy.target,6
9189692,equal,envy.target,7
9189692,equal,pity.target,6
9182138,equal,pity.target,5
9182138,equal,envy.target,3
9181770,warmth-bias,pity.target,6
9181770,warmth-bias,envy.target,5
9176568,equal,pity.target,7
9176568,equal,envy.target,5
9151486,warmth-bias,pity.target,2
9151486,warmth-bias,envy.target,4
9151479,warmth-bias,pity.target,5
9151479,warmth-bias,envy.target,7
9150756,competence-bias,envy.target,7
9150756,competence-bias,pity.target,3
9135783,equal,pity.target,6
9135783,equal,envy.target,5
9129114,equal,envy.target,3
9129114,equal,pity.target,5
9121061,equal,envy.target,3
9121061,equal,pity.target,5
9110054,equal,envy.target,4
9110054,equal,pity.target,4
9108265,competence-bias,envy.target,6
9108265,competence-bias,pity.target,6
9106061,warmth-bias,envy.target,3
9106061,warmth-bias,pity.target,7
9100062,competence-bias,pity.target,5
9100062,competence-bias,envy.target,7
9092361,competence-bias,envy.target,4
9092361,competence-bias,pity.target,5
9083672,warmth-bias,envy.target,5
9083672,warmth-bias,pity.target,6
9079711,competence-bias,envy.target,6
9079711,competence-bias,pity.target,5
9078525,warmth-bias,envy.target,5
9078525,warmth-bias,pity.target,3
9072589,competence-bias,envy.target,7
9072589,competence-bias,pity.target,5
9064372,equal,envy.target,2
9064372,equal,pity.target,6
9055698,equal,envy.target,6
9055698,equal,pity.target,5
9040278,warmth-bias,pity.target,6
9040278,warmth-bias,envy.target,5
9033722,equal,pity.target,6
9033722,equal,envy.target,7
9024940,equal,envy.target,5
9024940,equal,pity.target,5
9018789,warmth-bias,pity.target,6
9018789,warmth-bias,envy.target,5
9017054,warmth-bias,envy.target,3
9017054,warmth-bias,pity.target,7
9015325,equal,pity.target,7
9015325,equal,envy.target,5
9010786,equal,pity.target,6
9010786,equal,envy.target,7
9000765,equal,pity.target,3
9000765,equal,envy.target,5
8983465,warmth-bias,envy.target,6
8983465,warmth-bias,pity.target,7
8977416,warmth-bias,pity.target,6
8977416,warmth-bias,envy.target,5
8966525,equal,envy.target,6
8966525,equal,pity.target,6
8964564,warmth-bias,pity.target,6
8964564,warmth-bias,envy.target,3
8960056,warmth-bias,pity.target,6
8960056,warmth-bias,envy.target,4
8959247,warmth-bias,envy.target,5
8959247,warmth-bias,pity.target,7
8955369,warmth-bias,envy.target,5
8955369,warmth-bias,pity.target,7
8954547,warmth-bias,pity.target,6
8954547,warmth-bias,envy.target,2
8946102,equal,envy.target,5
8946102,equal,pity.target,6
8941619,competence-bias,envy.target,7
8941619,competence-bias,pity.target,2
8940829,equal,pity.target,5
8940829,equal,envy.target,4
8935366,equal,pity.target,4
8935366,equal,envy.target,5
8925027,warmth-bias,pity.target,7
8925027,warmth-bias,envy.target,6
8922014,competence-bias,pity.target,5
8922014,competence-bias,envy.target,6
8910054,equal,pity.target,6
8910054,equal,envy.target,5
8888162,competence-bias,pity.target,5
8888162,competence-bias,envy.target,7
8880080,warmth-bias,pity.target,6
8880080,warmth-bias,envy.target,2
8872455,equal,envy.target,5
8872455,equal,pity.target,7
8868853,equal,envy.target,6
8868853,equal,pity.target,3
8867448,competence-bias,envy.target,7
8867448,competence-bias,pity.target,3
8858201,competence-bias,envy.target,7
8858201,competence-bias,pity.target,6
8853134,competence-bias,envy.target,6
8853134,competence-bias,pity.target,5
8832844,warmth-bias,envy.target,6
8832844,warmth-bias,pity.target,6
8832783,equal,envy.target,5
8832783,equal,pity.target,6
8828635,equal,envy.target,5
8828635,equal,pity.target,6
8824577,equal,pity.target,3
8824577,equal,envy.target,7
8818188,warmth-bias,envy.target,5
8818188,warmth-bias,pity.target,7
8815983,competence-bias,pity.target,3
8815983,competence-bias,envy.target,6
8815359,warmth-bias,pity.target,6
8815359,warmth-bias,envy.target,3
8803771,equal,pity.target,6
8803771,equal,envy.target,6
8803701,equal,envy.target,4
8803701,equal,pity.target,5
8802755,equal,pity.target,5
8802755,equal,envy.target,5
8789393,equal,pity.target,6
8789393,equal,envy.target,5
8762932,equal,pity.target,4
8762932,equal,envy.target,4
8759948,equal,envy.target,7
8759948,equal,pity.target,6
8744123,equal,pity.target,5
8744123,equal,envy.target,6
8740263,competence-bias,envy.target,6
8740263,competence-bias,pity.target,3
8729348,equal,envy.target,6
8729348,equal,pity.target,5
8729144,competence-bias,envy.target,6
8729144,competence-bias,pity.target,4
8718413,warmth-bias,pity.target,7
8718413,warmth-bias,envy.target,6
8715378,competence-bias,envy.target,5
8715378,competence-bias,pity.target,7
8714698,warmth-bias,envy.target,5
8714698,warmth-bias,pity.target,7
8714362,warmth-bias,envy.target,5
8714362,warmth-bias,pity.target,6
8708859,equal,pity.target,5
8708859,equal,envy.target,5
8695002,equal,envy.target,4
8695002,equal,pity.target,5
8688074,competence-bias,envy.target,7
8688074,competence-bias,pity.target,4
8685186,warmth-bias,pity.target,7
8685186,warmth-bias,envy.target,3
8682083,competence-bias,envy.target,6
8682083,competence-bias,pity.target,5
8674586,equal,pity.target,6
8674586,equal,envy.target,6
8670720,competence-bias,envy.target,5
8670720,competence-bias,pity.target,6
8644306,warmth-bias,envy.target,3
8644306,warmth-bias,pity.target,6
8643227,competence-bias,envy.target,7
8643227,competence-bias,pity.target,6
8641906,competence-bias,envy.target,6
8641906,competence-bias,pity.target,5
8638822,equal,pity.target,5
8638822,equal,envy.target,7
8638416,competence-bias,pity.target,4
8638416,competence-bias,envy.target,5
8637436,equal,envy.target,5
8637436,equal,pity.target,6
8623615,competence-bias,pity.target,6
8623615,competence-bias,envy.target,7
8621806,warmth-bias,pity.target,6
8621806,warmth-bias,envy.target,3
8610077,equal,pity.target,6
8610077,equal,envy.target,6
8604439,equal,pity.target,7
8604439,equal,envy.target,5
8603237,warmth-bias,pity.target,7
8603237,warmth-bias,envy.target,4
8584697,competence-bias,envy.target,7
8584697,competence-bias,pity.target,2
8580748,competence-bias,pity.target,4
8580748,competence-bias,envy.target,4
8576082,warmth-bias,pity.target,6
8576082,warmth-bias,envy.target,5
8563613,warmth-bias,pity.target,7
8563613,warmth-bias,envy.target,1
8552023,equal,envy.target,6
8552023,equal,pity.target,5
8549416,competence-bias,envy.target,6
8549416,competence-bias,pity.target,2
8534524,warmth-bias,pity.target,7
8534524,warmth-bias,envy.target,2
8516546,competence-bias,envy.target,6
8516546,competence-bias,pity.target,5
8507010,equal,pity.target,6
8507010,equal,envy.target,6
8488634,competence-bias,pity.target,5
8488634,competence-bias,envy.target,6
8464796,equal,pity.target,5
8464796,equal,envy.target,5
8457342,competence-bias,envy.target,4
8457342,competence-bias,pity.target,6
8439883,competence-bias,pity.target,5
8439883,competence-bias,envy.target,6
8432990,equal,pity.target,4
8432990,equal,envy.target,5
8426181,competence-bias,envy.target,7
8426181,competence-bias,pity.target,5
8416000,warmth-bias,envy.target,6
8416000,warmth-bias,pity.target,7
8407309,warmth-bias,pity.target,7
8407309,warmth-bias,envy.target,5
8397089,competence-bias,envy.target,5
8397089,competence-bias,pity.target,5
8394696,equal,envy.target,5
8394696,equal,pity.target,7
8389313,equal,envy.target,5
8389313,equal,pity.target,6
8385426,warmth-bias,pity.target,7
8385426,warmth-bias,envy.target,2
8378627,equal,pity.target,5
8378627,equal,envy.target,6
8377324,warmth-bias,pity.target,6
8377324,warmth-bias,envy.target,5
8374890,equal,pity.target,7
8374890,equal,envy.target,6
8357362,warmth-bias,envy.target,6
8357362,warmth-bias,pity.target,7
8342593,warmth-bias,pity.target,4
8342593,warmth-bias,envy.target,5
8333064,warmth-bias,envy.target,4
8333064,warmth-bias,pity.target,7
8330152,equal,pity.target,7
8330152,equal,envy.target,5
8330002,warmth-bias,pity.target,7
8330002,warmth-bias,envy.target,6
8325345,equal,pity.target,4
8325345,equal,envy.target,6
8313250,warmth-bias,pity.target,7
8313250,warmth-bias,envy.target,5
8309366,competence-bias,pity.target,5
8309366,competence-bias,envy.target,6
8291998,competence-bias,pity.target,4
8291998,competence-bias,envy.target,4
8273262,competence-bias,pity.target,7
8273262,competence-bias,envy.target,7
8258996,equal,envy.target,4
8258996,equal,pity.target,5
8223344,equal,pity.target,5
8223344,equal,envy.target,6
8205360,equal,pity.target,6
8205360,equal,envy.target,6
8203815,warmth-bias,envy.target,5
8203815,warmth-bias,pity.target,7
8195241,warmth-bias,envy.target,5
8195241,warmth-bias,pity.target,6
8191926,equal,envy.target,6
8191926,equal,pity.target,6
8191257,equal,pity.target,6
8191257,equal,envy.target,6
8164512,competence-bias,envy.target,5
8164512,competence-bias,pity.target,5
8163739,warmth-bias,envy.target,4
8163739,warmth-bias,pity.target,5
8158617,competence-bias,pity.target,5
8158617,competence-bias,envy.target,7
8149264,equal,pity.target,4
8149264,equal,envy.target,6
8140832,warmth-bias,envy.target,4
8140832,warmth-bias,pity.target,7
8120650,competence-bias,envy.target,6
8120650,competence-bias,pity.target,7
8118075,equal,envy.target,6
8118075,equal,pity.target,6
8111438,competence-bias,envy.target,6
8111438,competence-bias,pity.target,3
8095082,warmth-bias,envy.target,5
8095082,warmth-bias,pity.target,4
8086872,competence-bias,pity.target,5
8086872,competence-bias,envy.target,6
8086466,competence-bias,envy.target,7
8086466,competence-bias,pity.target,6
8084114,equal,envy.target,7
8084114,equal,pity.target,1
8082109,competence-bias,pity.target,3
8082109,competence-bias,envy.target,3
8076949,warmth-bias,envy.target,5
8076949,warmth-bias,pity.target,6
8076652,warmth-bias,pity.target,5
8076652,warmth-bias,envy.target,5
8066861,competence-bias,pity.target,7
8066861,competence-bias,envy.target,7
8060965,competence-bias,envy.target,4
8060965,competence-bias,pity.target,5
8053059,equal,envy.target,5
8053059,equal,pity.target,6
8050698,warmth-bias,envy.target,6
8050698,warmth-bias,pity.target,7
8045659,warmth-bias,pity.target,5
8045659,warmth-bias,envy.target,7
8041271,equal,pity.target,5
8041271,equal,envy.target,5
8018089,equal,envy.target,5
8018089,equal,pity.target,6
8010327,warmth-bias,envy.target,5
8010327,warmth-bias,pity.target,5
8009668,competence-bias,envy.target,7
8009668,competence-bias,pity.target,6
8004430,warmth-bias,envy.target,5
8004430,warmth-bias,pity.target,6
7995596,competence-bias,envy.target,7
7995596,competence-bias,pity.target,2
7987894,equal,pity.target,7
7987894,equal,envy.target,3
7987803,equal,envy.target,6
7987803,equal,pity.target,6
7986992,warmth-bias,pity.target,7
7986992,warmth-bias,envy.target,5
7984360,warmth-bias,pity.target,4
7984360,warmth-bias,envy.target,4
7979757,warmth-bias,pity.target,5
7979757,warmth-bias,envy.target,3
7972451,equal,envy.target,7
7972451,equal,pity.target,7
7971929,warmth-bias,pity.target,6
7971929,warmth-bias,envy.target,4
7961186,warmth-bias,envy.target,4
7961186,warmth-bias,pity.target,7
7958459,competence-bias,pity.target,4
7958459,competence-bias,envy.target,6
7955296,warmth-bias,pity.target,5
7955296,warmth-bias,envy.target,4
7954603,warmth-bias,envy.target,5
7954603,warmth-bias,pity.target,6
7945246,competence-bias,pity.target,3
7945246,competence-bias,envy.target,6
7926253,competence-bias,envy.target,5
7926253,competence-bias,pity.target,3
7920395,competence-bias,pity.target,5
7920395,competence-bias,envy.target,7
7915038,warmth-bias,pity.target,5
7915038,warmth-bias,envy.target,5
7912572,equal,envy.target,5
7912572,equal,pity.target,6
7909656,competence-bias,envy.target,6
7909656,competence-bias,pity.target,2
7907912,warmth-bias,envy.target,5
7907912,warmth-bias,pity.target,7
7904599,warmth-bias,envy.target,3
7904599,warmth-bias,pity.target,6
7903190,equal,pity.target,6
7903190,equal,envy.target,3
7897870,equal,pity.target,5
7897870,equal,envy.target,5
7883395,competence-bias,envy.target,7
7883395,competence-bias,pity.target,7
7882953,equal,envy.target,4
7882953,equal,pity.target,4
7882500,equal,pity.target,4
7882500,equal,envy.target,4
7877786,competence-bias,pity.target,4
7877786,competence-bias,envy.target,4
7876442,equal,pity.target,5
7876442,equal,envy.target,4
7875288,equal,envy.target,6
7875288,equal,pity.target,6
7873719,equal,envy.target,5
7873719,equal,pity.target,5
7872769,equal,envy.target,5
7872769,equal,pity.target,7
7857278,warmth-bias,pity.target,5
7857278,warmth-bias,envy.target,4
7853403,warmth-bias,envy.target,5
7853403,warmth-bias,pity.target,7
7844047,competence-bias,envy.target,6
7844047,competence-bias,pity.target,6
7836379,equal,pity.target,6
7836379,equal,envy.target,4
7819419,warmth-bias,pity.target,7
7819419,warmth-bias,envy.target,3
7813763,competence-bias,envy.target,6
7813763,competence-bias,pity.target,6
7798837,competence-bias,envy.target,7
7798837,competence-bias,pity.target,5
7795456,equal,envy.target,4
7795456,equal,pity.target,4
7787499,warmth-bias,envy.target,5
7787499,warmth-bias,pity.target,3
7785538,competence-bias,pity.target,7
7785538,competence-bias,envy.target,7
7777463,equal,envy.target,6
7777463,equal,pity.target,2
7768945,competence-bias,envy.target,5
7768945,competence-bias,pity.target,7
7767432,warmth-bias,envy.target,4
7767432,warmth-bias,pity.target,4
7750027,competence-bias,pity.target,5
7750027,competence-bias,envy.target,7
7745446,competence-bias,envy.target,7
7745446,competence-bias,pity.target,5
7737578,competence-bias,pity.target,5
7737578,competence-bias,envy.target,7
7722402,warmth-bias,envy.target,5
7722402,warmth-bias,pity.target,6
7711855,competence-bias,pity.target,4
7711855,competence-bias,envy.target,6
7711318,equal,envy.target,5
7711318,equal,pity.target,6
7709679,competence-bias,pity.target,3
7709679,competence-bias,envy.target,7
7708013,warmth-bias,pity.target,7
7708013,warmth-bias,envy.target,2
7704380,equal,envy.target,5
7704380,equal,pity.target,5
7668588,equal,envy.target,6
7668588,equal,pity.target,5
7668520,warmth-bias,pity.target,7
7668520,warmth-bias,envy.target,1
7654256,warmth-bias,envy.target,5
7654256,warmth-bias,pity.target,6
7645643,competence-bias,pity.target,5
7645643,competence-bias,envy.target,5
7637781,warmth-bias,pity.target,6
7637781,warmth-bias,envy.target,5
7626257,competence-bias,pity.target,5
7626257,competence-bias,envy.target,6
7595042,warmth-bias,pity.target,6
7595042,warmth-bias,envy.target,5
7586640,equal,envy.target,6
7586640,equal,pity.target,6
7581878,competence-bias,envy.target,7
7581878,competence-bias,pity.target,5
7576951,competence-bias,envy.target,6
7576951,competence-bias,pity.target,3
7555333,equal,pity.target,4
7555333,equal,envy.target,6
7553783,competence-bias,envy.target,7
7553783,competence-bias,pity.target,3
7545687,competence-bias,envy.target,6
7545687,competence-bias,pity.target,5
7533457,warmth-bias,envy.target,5
7533457,warmth-bias,pity.target,5
7494526,competence-bias,envy.target,7
7494526,competence-bias,pity.target,2
7492246,competence-bias,envy.target,6
7492246,competence-bias,pity.target,5
7477225,warmth-bias,pity.target,4
7477225,warmth-bias,envy.target,6
7472415,equal,pity.target,6
7472415,equal,envy.target,5
7460596,warmth-bias,pity.target,6
7460596,warmth-bias,envy.target,3
7454954,warmth-bias,pity.target,4
7454954,warmth-bias,envy.target,6
7454634,warmth-bias,pity.target,7
7454634,warmth-bias,envy.target,2
7438453,equal,pity.target,4
7438453,equal,envy.target,5
7434975,warmth-bias,envy.target,5
7434975,warmth-bias,pity.target,7
7434261,warmth-bias,envy.target,3
7434261,warmth-bias,pity.target,6
7425779,warmth-bias,pity.target,5
7425779,warmth-bias,envy.target,6
7419955,warmth-bias,pity.target,5
7419955,warmth-bias,envy.target,5
7407805,competence-bias,envy.target,6
7407805,competence-bias,pity.target,5
7405297,competence-bias,pity.target,2
7405297,competence-bias,envy.target,7
7405035,equal,envy.target,5
7405035,equal,pity.target,6
7403506,warmth-bias,envy.target,4
7403506,warmth-bias,pity.target,6
7401651,warmth-bias,pity.target,7
7401651,warmth-bias,envy.target,6
7392457,equal,envy.target,4
7392457,equal,pity.target,5
7382959,warmth-bias,pity.target,6
7382959,warmth-bias,envy.target,5
7363853,warmth-bias,pity.target,6
7363853,warmth-bias,envy.target,3
7363711,equal,envy.target,7
7363711,equal,pity.target,5
7360663,warmth-bias,envy.target,5
7360663,warmth-bias,pity.target,6
7351640,warmth-bias,pity.target,6
7351640,warmth-bias,envy.target,3
7330426,competence-bias,envy.target,7
7330426,competence-bias,pity.target,6
7308851,equal,pity.target,5
7308851,equal,envy.target,7
7306131,warmth-bias,pity.target,6
7306131,warmth-bias,envy.target,6
7288063,competence-bias,pity.target,2
7288063,competence-bias,envy.target,6
7283759,equal,pity.target,5
7283759,equal,envy.target,6
7273256,warmth-bias,pity.target,7
7273256,warmth-bias,envy.target,5
7270504,equal,envy.target,6
7270504,equal,pity.target,5
7268069,warmth-bias,envy.target,6
7268069,warmth-bias,pity.target,7
7253228,equal,envy.target,4
7253228,equal,pity.target,4
7237804,equal,pity.target,4
7237804,equal,envy.target,4
7235746,warmth-bias,envy.target,4
7235746,warmth-bias,pity.target,6
7223622,equal,pity.target,6
7223622,equal,envy.target,6
7212523,equal,envy.target,6
7212523,equal,pity.target,3
7211788,equal,envy.target,4
7211788,equal,pity.target,4
7208113,equal,envy.target,5
7208113,equal,pity.target,5
7203253,equal,envy.target,6
7203253,equal,pity.target,6
7202472,competence-bias,envy.target,6
7202472,competence-bias,pity.target,5
7200987,equal,pity.target,5
7200987,equal,envy.target,3
7200183,equal,pity.target,6
7200183,equal,envy.target,5
7192758,warmth-bias,pity.target,6
7192758,warmth-bias,envy.target,2
7192622,competence-bias,pity.target,4
7192622,competence-bias,envy.target,6
7191053,equal,envy.target,6
7191053,equal,pity.target,6
7177649,equal,envy.target,5
7177649,equal,pity.target,3
7156067,competence-bias,pity.target,6
7156067,competence-bias,envy.target,5
7148539,warmth-bias,pity.target,7
7148539,warmth-bias,envy.target,5
7144784,warmth-bias,pity.target,6
7144784,warmth-bias,envy.target,3
7133913,competence-bias,envy.target,6
7133913,competence-bias,pity.target,3
7131264,equal,envy.target,6
7131264,equal,pity.target,6
7121828,warmth-bias,envy.target,5
7121828,warmth-bias,pity.target,7
7113010,warmth-bias,pity.target,5
7113010,warmth-bias,envy.target,6
7108578,competence-bias,envy.target,7
7108578,competence-bias,pity.target,5
7107431,competence-bias,pity.target,7
7107431,competence-bias,envy.target,7
7101130,equal,envy.target,5
7101130,equal,pity.target,6
7100108,warmth-bias,pity.target,7
7100108,warmth-bias,envy.target,3
7086842,warmth-bias,envy.target,6
7086842,warmth-bias,pity.target,7
7083540,warmth-bias,pity.target,6
7083540,warmth-bias,envy.target,5
7073804,equal,envy.target,6
7073804,equal,pity.target,6
7071545,warmth-bias,pity.target,6
7071545,warmth-bias,envy.target,5
7056385,warmth-bias,envy.target,4
7056385,warmth-bias,pity.target,4
7055523,warmth-bias,pity.target,5
7055523,warmth-bias,envy.target,6
7045724,competence-bias,envy.target,6
7045724,competence-bias,pity.target,2
7034311,warmth-bias,pity.target,7
7034311,warmth-bias,envy.target,6
7025508,equal,envy.target,6
7025508,equal,pity.target,6
7023882,competence-bias,pity.target,5
7023882,competence-bias,envy.target,7
7020938,warmth-bias,pity.target,6
7020938,warmth-bias,envy.target,3
7019608,competence-bias,pity.target,6
7019608,competence-bias,envy.target,5
7012357,equal,pity.target,7
7012357,equal,envy.target,6
7004911,equal,envy.target,5
7004911,equal,pity.target,5
7001124,equal,envy.target,3
7001124,equal,pity.target,7
6999920,warmth-bias,envy.target,2
6999920,warmth-bias,pity.target,7
6991205,competence-bias,pity.target,4
6991205,competence-bias,envy.target,5
6984614,warmth-bias,pity.target,4
6984614,warmth-bias,envy.target,4
6983778,warmth-bias,envy.target,5
6983778,warmth-bias,pity.target,7
6968749,warmth-bias,pity.target,5
6968749,warmth-bias,envy.target,5
6966715,equal,pity.target,6
6966715,equal,envy.target,7
6960570,equal,envy.target,7
6960570,equal,pity.target,2
6949473,competence-bias,pity.target,2
6949473,competence-bias,envy.target,6
6949003,equal,envy.target,6
6943599,competence-bias,pity.target,6
6943599,competence-bias,envy.target,6
6930187,warmth-bias,envy.target,6
6930187,warmth-bias,pity.target,7
6928547,competence-bias,pity.target,5
6928547,competence-bias,envy.target,5
6926933,equal,pity.target,5
6926933,equal,envy.target,5
6915681,warmth-bias,envy.target,5
6915681,warmth-bias,pity.target,6
6912966,warmth-bias,envy.target,5
6912966,warmth-bias,pity.target,7
6901449,competence-bias,pity.target,6
6901449,competence-bias,envy.target,5
6892742,equal,pity.target,7
6892742,equal,envy.target,5
6881685,warmth-bias,envy.target,6
6881685,warmth-bias,pity.target,5
6880093,equal,envy.target,6
6880093,equal,pity.target,7
6867883,equal,pity.target,5
6867883,equal,envy.target,5
6867244,equal,envy.target,5
6867244,equal,pity.target,6
6856821,equal,envy.target,7
6856821,equal,pity.target,5
6855411,warmth-bias,pity.target,6
6855411,warmth-bias,envy.target,5
6849482,equal,envy.target,7
6849482,equal,pity.target,6
6848558,competence-bias,envy.target,7
6848558,competence-bias,pity.target,5
6847719,equal,pity.target,3
6847719,equal,envy.target,6
6841962,warmth-bias,pity.target,7
6841962,warmth-bias,envy.target,6
6837769,warmth-bias,envy.target,5
6837769,warmth-bias,pity.target,6
6835972,equal,pity.target,6
6835972,equal,envy.target,5
6832257,equal,pity.target,5
6832257,equal,envy.target,6
6829510,warmth-bias,envy.target,6
6829510,warmth-bias,pity.target,3
6827366,competence-bias,envy.target,5
6827366,competence-bias,pity.target,6
6821709,competence-bias,pity.target,5
6821709,competence-bias,envy.target,7
6820472,warmth-bias,pity.target,7
6820472,warmth-bias,envy.target,5
6807294,competence-bias,pity.target,1
6807294,competence-bias,envy.target,1
6803810,warmth-bias,pity.target,7
6803810,warmth-bias,envy.target,3
6797736,equal,envy.target,7
6797736,equal,pity.target,2
6796321,warmth-bias,pity.target,5
6796321,warmth-bias,envy.target,5
6788222,warmth-bias,envy.target,6
6788222,warmth-bias,pity.target,7
6781602,competence-bias,envy.target,7
6781602,competence-bias,pity.target,5
6780304,competence-bias,envy.target,6
6780304,competence-bias,pity.target,2
6752405,equal,envy.target,4
6752405,equal,pity.target,6
6749370,warmth-bias,envy.target,6
6749370,warmth-bias,pity.target,7
6749091,warmth-bias,envy.target,6
6749091,warmth-bias,pity.target,7
6721823,competence-bias,pity.target,5
6721823,competence-bias,envy.target,7
6702197,competence-bias,pity.target,4
6702197,competence-bias,envy.target,6
6693409,competence-bias,envy.target,5
6693409,competence-bias,pity.target,3
6666163,equal,pity.target,4
6666163,equal,envy.target,5
6664670,warmth-bias,envy.target,5
6664670,warmth-bias,pity.target,5
6659362,competence-bias,pity.target,5
6659362,competence-bias,envy.target,7
6659115,competence-bias,envy.target,6
6659115,competence-bias,pity.target,4
6658291,competence-bias,pity.target,6
6658291,competence-bias,envy.target,6
6649364,equal,pity.target,6
6649364,equal,envy.target,5
6648899,warmth-bias,envy.target,7
6648899,warmth-bias,pity.target,6
6648810,equal,pity.target,4
6648810,equal,envy.target,4
6648191,warmth-bias,pity.target,6
6648191,warmth-bias,envy.target,3
6644912,equal,envy.target,4
6644912,equal,pity.target,4
6639635,equal,envy.target,6
6639635,equal,pity.target,5
6636341,competence-bias,envy.target,7
6636341,competence-bias,pity.target,3
6636268,warmth-bias,envy.target,3
6636268,warmth-bias,pity.target,7
6632856,equal,pity.target,6
6632856,equal,envy.target,5
6623974,competence-bias,envy.target,5
6623974,competence-bias,pity.target,2
6619625,warmth-bias,envy.target,5
6619625,warmth-bias,pity.target,6
6617090,warmth-bias,envy.target,5
6617090,warmth-bias,pity.target,7
6600349,competence-bias,envy.target,6
6600349,competence-bias,pity.target,6
6597418,competence-bias,envy.target,6
6597418,competence-bias,pity.target,6
6573712,equal,pity.target,6
6573712,equal,envy.target,5
6573145,equal,pity.target,4
6573145,equal,envy.target,6
6568544,competence-bias,envy.target,6
6568544,competence-bias,pity.target,5
6538207,warmth-bias,envy.target,5
6538207,warmth-bias,pity.target,6
6536207,warmth-bias,pity.target,7
6536207,warmth-bias,envy.target,2
6528590,equal,pity.target,6
6528590,equal,envy.target,6
6525286,equal,envy.target,4
6525286,equal,pity.target,6
6521064,warmth-bias,pity.target,6
6521064,warmth-bias,envy.target,3
6517576,competence-bias,envy.target,6
6517576,competence-bias,pity.target,5
6513287,competence-bias,pity.target,6
6513287,competence-bias,envy.target,6
6511853,equal,envy.target,6
6511853,equal,pity.target,7
6498947,competence-bias,envy.target,7
6498947,competence-bias,pity.target,5
6498273,equal,pity.target,6
6498273,equal,envy.target,6
6487515,warmth-bias,pity.target,6
6487515,warmth-bias,envy.target,4
6481374,equal,pity.target,6
6481374,equal,envy.target,6
6478695,equal,envy.target,2
6478695,equal,pity.target,7
6475172,equal,envy.target,7
6475172,equal,pity.target,5
6474058,competence-bias,envy.target,6
6474058,competence-bias,pity.target,5
6471539,warmth-bias,pity.target,4
6471539,warmth-bias,envy.target,4
6453201,warmth-bias,pity.target,5
6453201,warmth-bias,envy.target,6
6446636,equal,pity.target,7
6446636,equal,envy.target,5
6442118,equal,envy.target,4
6442118,equal,pity.target,5
6441050,equal,pity.target,5
6441050,equal,envy.target,5
6429834,competence-bias,pity.target,4
6429834,competence-bias,envy.target,6
6409382,warmth-bias,pity.target,7
6409382,warmth-bias,envy.target,5
6404384,competence-bias,pity.target,7
6404384,competence-bias,envy.target,6
6404169,equal,envy.target,7
6404169,equal,pity.target,6
6398842,competence-bias,envy.target,7
6398842,competence-bias,pity.target,6
6394131,competence-bias,envy.target,6
6394131,competence-bias,pity.target,3
6389777,equal,envy.target,5
6389777,equal,pity.target,6
6378426,warmth-bias,pity.target,5
6378426,warmth-bias,envy.target,6
6363138,warmth-bias,pity.target,7
6363138,warmth-bias,envy.target,6
6361925,warmth-bias,envy.target,6
6361925,warmth-bias,pity.target,3
6339469,competence-bias,envy.target,7
6339469,competence-bias,pity.target,3
6338712,competence-bias,pity.target,3
6338712,competence-bias,envy.target,6
6337977,equal,envy.target,7
6337977,equal,pity.target,2
6333332,warmth-bias,envy.target,6
6333332,warmth-bias,pity.target,7
6330355,equal,envy.target,4
6330355,equal,pity.target,5
6327454,equal,pity.target,6
6327454,equal,envy.target,2
6326304,equal,pity.target,6
6326304,equal,envy.target,5
6317732,warmth-bias,envy.target,5
6317732,warmth-bias,pity.target,6
6315325,equal,envy.target,6
6315325,equal,pity.target,5
6304543,competence-bias,pity.target,3
6304543,competence-bias,envy.target,6
6301262,warmth-bias,envy.target,4
6301262,warmth-bias,pity.target,6
6296140,warmth-bias,pity.target,6
6296140,warmth-bias,envy.target,3
6291267,competence-bias,envy.target,7
6291267,competence-bias,pity.target,5
6278638,equal,envy.target,4
6278638,equal,pity.target,5
6266291,warmth-bias,envy.target,6
6266291,warmth-bias,pity.target,6
6264647,warmth-bias,pity.target,6
6264647,warmth-bias,envy.target,3
6260374,warmth-bias,envy.target,5
6260374,warmth-bias,pity.target,6
6254849,warmth-bias,envy.target,1
6254849,warmth-bias,pity.target,7
6246995,warmth-bias,pity.target,7
6246995,warmth-bias,envy.target,5
6241834,equal,envy.target,5
6241834,equal,pity.target,5
6231973,equal,pity.target,7
6231973,equal,envy.target,7
6224049,warmth-bias,envy.target,4
6224049,warmth-bias,pity.target,7
6217152,competence-bias,pity.target,4
6217152,competence-bias,envy.target,6
6202165,equal,pity.target,6
6202165,equal,envy.target,5
6196174,warmth-bias,envy.target,6
6196174,warmth-bias,pity.target,7
6192042,warmth-bias,pity.target,7
6192042,warmth-bias,envy.target,2
6190629,warmth-bias,pity.target,7
6190629,warmth-bias,envy.target,3
6184424,equal,envy.target,5
6184424,equal,pity.target,7
6170772,competence-bias,pity.target,6
6170772,competence-bias,envy.target,6
6163348,competence-bias,envy.target,7
6163348,competence-bias,pity.target,3
6161448,competence-bias,pity.target,7
6161448,competence-bias,envy.target,7
6140960,warmth-bias,pity.target,6
6140960,warmth-bias,envy.target,7
6140023,competence-bias,pity.target,6
6140023,competence-bias,envy.target,5
6130622,warmth-bias,envy.target,5
6130622,warmth-bias,pity.target,6
6127832,warmth-bias,pity.target,6
6127832,warmth-bias,envy.target,5
6124985,equal,envy.target,5
6124985,equal,pity.target,7
6119818,equal,pity.target,5
6119818,equal,envy.target,5
6105668,equal,envy.target,7
6105668,equal,pity.target,6
6105625,equal,envy.target,7
6105625,equal,pity.target,6
6094196,equal,pity.target,5
6094196,equal,envy.target,6
6092005,competence-bias,envy.target,5
6092005,competence-bias,pity.target,3
6077061,warmth-bias,envy.target,5
6077061,warmth-bias,pity.target,7
6074098,equal,pity.target,5
6074098,equal,envy.target,6
6054868,equal,pity.target,7
6054868,equal,envy.target,7
6053462,warmth-bias,envy.target,4
6053462,warmth-bias,pity.target,6
6049977,competence-bias,pity.target,6
6049977,competence-bias,envy.target,6
6045928,competence-bias,envy.target,6
6045928,competence-bias,pity.target,4
6041138,warmth-bias,pity.target,6
6041138,warmth-bias,envy.target,4
6006843,warmth-bias,pity.target,7
6006843,warmth-bias,envy.target,5
6000516,warmth-bias,pity.target,6
6000516,warmth-bias,envy.target,3
5980730,equal,pity.target,6
5980730,equal,envy.target,6
5978556,competence-bias,envy.target,7
5978556,competence-bias,pity.target,5
5976809,competence-bias,pity.target,6
5976809,competence-bias,envy.target,7
5973498,equal,pity.target,4
5973498,equal,envy.target,4
5968887,equal,pity.target,5
5968887,equal,envy.target,6
5968085,equal,pity.target,6
5968085,equal,envy.target,5
5962560,competence-bias,pity.target,5
5962560,competence-bias,envy.target,6
5959888,competence-bias,envy.target,6
5959888,competence-bias,pity.target,3
5952382,equal,pity.target,4
5952382,equal,envy.target,6
5934597,equal,envy.target,6
5934597,equal,pity.target,5
5920291,equal,pity.target,6
5920291,equal,envy.target,5
5918486,warmth-bias,pity.target,7
5918486,warmth-bias,envy.target,5
5915695,equal,pity.target,4
5915695,equal,envy.target,6
5906896,warmth-bias,pity.target,7
5906896,warmth-bias,envy.target,5
5900817,warmth-bias,envy.target,5
5900817,warmth-bias,pity.target,6
5894892,competence-bias,pity.target,5
5894892,competence-bias,envy.target,6
5886049,competence-bias,envy.target,5
5886049,competence-bias,pity.target,5
5883506,warmth-bias,pity.target,3
5883506,warmth-bias,envy.target,7
5877386,competence-bias,envy.target,7
5877386,competence-bias,pity.target,5
5859456,competence-bias,pity.target,3
5859456,competence-bias,envy.target,7
5847132,competence-bias,envy.target,7
5847132,competence-bias,pity.target,5
5846179,competence-bias,envy.target,7
5846179,competence-bias,pity.target,1
5842550,warmth-bias,pity.target,7
5842550,warmth-bias,envy.target,5
5842544,warmth-bias,pity.target,6
5842544,warmth-bias,envy.target,6
5833342,competence-bias,envy.target,7
5833342,competence-bias,pity.target,2
5832453,competence-bias,pity.target,2
5832453,competence-bias,envy.target,6
5827669,equal,pity.target,3
5827669,equal,envy.target,7
5807674,competence-bias,pity.target,5
5807674,competence-bias,envy.target,7
5802191,competence-bias,pity.target,5
5802191,competence-bias,envy.target,7
5793074,equal,pity.target,5
5793074,equal,envy.target,7
5787408,competence-bias,pity.target,5
5787408,competence-bias,envy.target,5
5779173,warmth-bias,envy.target,5
5779173,warmth-bias,pity.target,7
5775275,competence-bias,envy.target,7
5775275,competence-bias,pity.target,2
5770852,competence-bias,envy.target,4
5770852,competence-bias,pity.target,4
5770800,warmth-bias,envy.target,7
5770800,warmth-bias,pity.target,6
5763741,warmth-bias,pity.target,7
5763741,warmth-bias,envy.target,4
5761997,equal,pity.target,6
5761997,equal,envy.target,6
5761826,warmth-bias,envy.target,4
5761826,warmth-bias,pity.target,6
5761036,competence-bias,envy.target,7
5761036,competence-bias,pity.target,6
5753395,warmth-bias,envy.target,6
5753395,warmth-bias,pity.target,6
5745800,competence-bias,pity.target,3
5745800,competence-bias,envy.target,7
5737377,equal,envy.target,5
5737377,equal,pity.target,7
5733275,competence-bias,envy.target,6
5733275,competence-bias,pity.target,4
5725878,warmth-bias,pity.target,6
5725878,warmth-bias,envy.target,6
5724663,warmth-bias,envy.target,5
5724663,warmth-bias,pity.target,7
5724321,warmth-bias,pity.target,7
5724321,warmth-bias,envy.target,5
5723735,warmth-bias,envy.target,4
5723735,warmth-bias,pity.target,4
5718736,equal,pity.target,4
5718736,equal,envy.target,4
5717366,warmth-bias,envy.target,5
5717366,warmth-bias,pity.target,7
5702156,equal,pity.target,6
5702156,equal,envy.target,6
5699369,equal,envy.target,6
5699369,equal,pity.target,6
5694927,warmth-bias,envy.target,4
5694927,warmth-bias,pity.target,7
5673377,competence-bias,pity.target,5
5673377,competence-bias,envy.target,6
5671637,competence-bias,envy.target,6
5671637,competence-bias,pity.target,5
5653750,competence-bias,envy.target,5
5653750,competence-bias,pity.target,3
5653440,equal,envy.target,6
5653440,equal,pity.target,6
5644621,competence-bias,envy.target,6
5644621,competence-bias,pity.target,5
5638266,equal,pity.target,6
5638266,equal,envy.target,7
5633884,equal,pity.target,6
5633884,equal,envy.target,6
5633799,warmth-bias,pity.target,6
5633799,warmth-bias,envy.target,6
5617782,competence-bias,envy.target,6
5617782,competence-bias,pity.target,2
5617677,competence-bias,pity.target,5
5617677,competence-bias,envy.target,6
5602824,warmth-bias,envy.target,5
5602824,warmth-bias,pity.target,6
5594444,warmth-bias,envy.target,5
5594444,warmth-bias,pity.target,6
5565919,warmth-bias,envy.target,6
5565919,warmth-bias,pity.target,6
5555654,equal,pity.target,4
5555654,equal,envy.target,6
5538667,competence-bias,envy.target,6
5538667,competence-bias,pity.target,3
5519844,warmth-bias,pity.target,6
5519844,warmth-bias,envy.target,6
5518715,competence-bias,pity.target,5
5518715,competence-bias,envy.target,6
5515301,equal,envy.target,5
5515301,equal,pity.target,5
5507015,competence-bias,pity.target,5
5507015,competence-bias,envy.target,4
5506826,warmth-bias,pity.target,7
5506826,warmth-bias,envy.target,6
5493777,warmth-bias,pity.target,6
5493777,warmth-bias,envy.target,6
5493356,competence-bias,pity.target,7
5493356,competence-bias,envy.target,7
5490283,competence-bias,pity.target,6
5490283,competence-bias,envy.target,6
5480498,equal,pity.target,5
5480498,equal,envy.target,5
5455395,warmth-bias,envy.target,3
5455395,warmth-bias,pity.target,6
5454655,warmth-bias,pity.target,6
5454655,warmth-bias,envy.target,6
5440006,equal,envy.target,7
5440006,equal,pity.target,6
5436265,competence-bias,envy.target,7
5436265,competence-bias,pity.target,5
5431174,equal,envy.target,5
5431174,equal,pity.target,5
5427584,warmth-bias,pity.target,7
5427584,warmth-bias,envy.target,5
5396394,warmth-bias,envy.target,5
5396394,warmth-bias,pity.target,6
5394888,competence-bias,pity.target,3
5394888,competence-bias,envy.target,5
5390008,equal,pity.target,6
5390008,equal,envy.target,5
5381804,warmth-bias,pity.target,6
5381804,warmth-bias,envy.target,3
5377891,warmth-bias,pity.target,7
5377891,warmth-bias,envy.target,5
5377295,equal,pity.target,6
5377295,equal,envy.target,3
5347476,equal,envy.target,6
5347476,equal,pity.target,5
5340572,equal,pity.target,7
5340572,equal,envy.target,5
5337929,warmth-bias,pity.target,3
5337929,warmth-bias,envy.target,7
5324675,equal,envy.target,6
5324675,equal,pity.target,6
5322487,warmth-bias,pity.target,7
5322487,warmth-bias,envy.target,5
5313357,equal,envy.target,6
5313357,equal,pity.target,5
5313354,warmth-bias,envy.target,3
5313354,warmth-bias,pity.target,6
5310118,competence-bias,pity.target,1
5310118,competence-bias,envy.target,7
5303869,equal,envy.target,4
5303869,equal,pity.target,4
5302509,competence-bias,envy.target,6
5302509,competence-bias,pity.target,6
5294395,competence-bias,pity.target,6
5294395,competence-bias,envy.target,7
5272471,warmth-bias,envy.target,4
5272471,warmth-bias,pity.target,6
5271267,competence-bias,envy.target,4
5271267,competence-bias,pity.target,4
5256065,competence-bias,envy.target,7
5256065,competence-bias,pity.target,2
5255738,equal,envy.target,4
5255738,equal,pity.target,4
5252668,competence-bias,envy.target,6
5252668,competence-bias,pity.target,5
5248727,equal,pity.target,6
5248727,equal,envy.target,6
5248517,competence-bias,pity.target,6
5248517,competence-bias,envy.target,5
5238968,equal,envy.target,5
5238968,equal,pity.target,7
5235511,warmth-bias,pity.target,7
5235511,warmth-bias,envy.target,6
5225807,warmth-bias,envy.target,6
5225807,warmth-bias,pity.target,7
5223126,warmth-bias,pity.target,6
5223126,warmth-bias,envy.target,5
5216374,competence-bias,pity.target,5
5216374,competence-bias,envy.target,7
5213251,warmth-bias,pity.target,6
5213251,warmth-bias,envy.target,6
5208160,equal,envy.target,6
5208160,equal,pity.target,5
5204009,equal,envy.target,6
5204009,equal,pity.target,5
5202517,warmth-bias,pity.target,3
5202517,warmth-bias,envy.target,7
5194517,equal,pity.target,7
5194517,equal,envy.target,5
5188589,equal,pity.target,5
5188589,equal,envy.target,5
5187001,warmth-bias,pity.target,7
5187001,warmth-bias,envy.target,3
5185651,competence-bias,pity.target,4
5185651,competence-bias,envy.target,6
5183731,equal,envy.target,4
5183731,equal,pity.target,6
5182515,competence-bias,pity.target,6
5182515,competence-bias,envy.target,6
5176733,competence-bias,envy.target,6
5176733,competence-bias,pity.target,4
5164414,warmth-bias,envy.target,4
5164414,warmth-bias,pity.target,5
5162001,warmth-bias,pity.target,7
5162001,warmth-bias,envy.target,3
5160413,equal,envy.target,5
5160413,equal,pity.target,6
5159470,equal,pity.target,4
5159470,equal,envy.target,4
5149532,competence-bias,pity.target,5
5149532,competence-bias,envy.target,7
5149401,equal,envy.target,7
5149401,equal,pity.target,3
5136209,warmth-bias,envy.target,6
5136209,warmth-bias,pity.target,6
5121806,warmth-bias,pity.target,5
5121806,warmth-bias,envy.target,5
5120615,competence-bias,pity.target,4
5120615,competence-bias,envy.target,5
5119090,competence-bias,pity.target,6
5119090,competence-bias,envy.target,6
5110815,equal,envy.target,7
5110815,equal,pity.target,5
5109741,competence-bias,envy.target,5
5109741,competence-bias,pity.target,3
5107675,warmth-bias,envy.target,5
5107675,warmth-bias,pity.target,6
5106288,warmth-bias,pity.target,6
5106288,warmth-bias,envy.target,5
5101713,equal,envy.target,6
5101713,equal,pity.target,6
5091167,competence-bias,pity.target,3
5091167,competence-bias,envy.target,7
5082067,equal,pity.target,5
5082067,equal,envy.target,6
5076700,competence-bias,pity.target,5
5076700,competence-bias,envy.target,6
5050274,equal,envy.target,6
5050274,equal,pity.target,3
5037570,warmth-bias,pity.target,7
5037570,warmth-bias,envy.target,6
5028240,competence-bias,envy.target,6
5028240,competence-bias,pity.target,5
5028084,equal,pity.target,6
5028084,equal,envy.target,6
5019242,competence-bias,pity.target,5
5019242,competence-bias,envy.target,5
5019241,competence-bias,pity.target,3
5019241,competence-bias,envy.target,6
5017926,warmth-bias,pity.target,6
5017926,warmth-bias,envy.target,6
5010937,warmth-bias,pity.target,6
5010937,warmth-bias,envy.target,5
5002503,equal,pity.target,5
5002503,equal,envy.target,6
4998894,competence-bias,pity.target,4
4998894,competence-bias,envy.target,6
4982440,equal,pity.target,6
4982440,equal,envy.target,5
4951430,equal,envy.target,6
4951430,equal,pity.target,7
4947571,equal,pity.target,6
4947571,equal,envy.target,6
4937104,equal,envy.target,6
4937104,equal,pity.target,5
4932272,warmth-bias,pity.target,7
4932272,warmth-bias,envy.target,5
4931561,competence-bias,pity.target,5
4931561,competence-bias,envy.target,7
4880208,competence-bias,pity.target,3
4880208,competence-bias,envy.target,6
4877609,warmth-bias,envy.target,4
4877609,warmth-bias,pity.target,4
4874082,warmth-bias,pity.target,5
4874082,warmth-bias,envy.target,6
4852610,equal,pity.target,6
4852610,equal,envy.target,7
4843571,warmth-bias,pity.target,6
4843571,warmth-bias,envy.target,6
4831802,warmth-bias,envy.target,6
4831802,warmth-bias,pity.target,6
4825781,warmth-bias,envy.target,4
4825781,warmth-bias,pity.target,7
4813886,equal,pity.target,7
4813886,equal,envy.target,6
4813144,warmth-bias,envy.target,5
4813144,warmth-bias,pity.target,5
4811476,equal,envy.target,6
4811476,equal,pity.target,3
4801895,warmth-bias,pity.target,6
4801895,warmth-bias,envy.target,2
4801005,competence-bias,envy.target,4
4801005,competence-bias,pity.target,4
4795870,equal,pity.target,3
4795870,equal,envy.target,5
4773664,competence-bias,envy.target,7
4773664,competence-bias,pity.target,3
4758128,competence-bias,envy.target,5
4758128,competence-bias,pity.target,5
4757548,equal,pity.target,3
4757548,equal,envy.target,7
4753899,equal,pity.target,7
4753899,equal,envy.target,5
4751781,warmth-bias,pity.target,5
4751781,warmth-bias,envy.target,6
4739941,equal,envy.target,6
4739941,equal,pity.target,6
4719492,competence-bias,pity.target,5
4719492,competence-bias,envy.target,7
4718943,equal,pity.target,5
4718943,equal,envy.target,5
4716020,warmth-bias,pity.target,5
4716020,warmth-bias,envy.target,4
4706561,warmth-bias,envy.target,5
4706561,warmth-bias,pity.target,5
4693362,equal,pity.target,5
4693362,equal,envy.target,6
4689340,warmth-bias,envy.target,5
4689340,warmth-bias,pity.target,7
4688760,warmth-bias,envy.target,4
4688760,warmth-bias,pity.target,5
4646687,equal,envy.target,4
4646687,equal,pity.target,6
4641032,competence-bias,pity.target,6
4641032,competence-bias,envy.target,5
4639558,warmth-bias,envy.target,4
4639558,warmth-bias,pity.target,6
4636436,equal,envy.target,5
4636436,equal,pity.target,4
4635188,warmth-bias,pity.target,4
4635188,warmth-bias,envy.target,5
4635094,warmth-bias,pity.target,6
4635094,warmth-bias,envy.target,2
4629622,equal,pity.target,5
4629622,equal,envy.target,3
4627164,warmth-bias,envy.target,5
4627164,warmth-bias,pity.target,4
4623228,equal,envy.target,5
4623228,equal,pity.target,5
4601385,competence-bias,envy.target,7
4601385,competence-bias,pity.target,6
4600854,warmth-bias,envy.target,3
4600854,warmth-bias,pity.target,7
4596486,competence-bias,pity.target,5
4596486,competence-bias,envy.target,7
4591488,equal,pity.target,5
4591488,equal,envy.target,6
4591006,equal,pity.target,6
4591006,equal,envy.target,6
4588508,equal,pity.target,6
4588508,equal,envy.target,5
4579434,equal,pity.target,7
4579434,equal,envy.target,3
4567169,competence-bias,pity.target,5
4567169,competence-bias,envy.target,7
4538760,competence-bias,pity.target,4
4538760,competence-bias,envy.target,6
4537124,equal,pity.target,5
4537124,equal,envy.target,5
4524513,equal,pity.target,3
4524513,equal,envy.target,3
4522029,warmth-bias,envy.target,6
4522029,warmth-bias,pity.target,6
4517426,equal,pity.target,4
4517426,equal,envy.target,4
4508825,equal,envy.target,5
4508825,equal,pity.target,6
4507000,warmth-bias,pity.target,5
4507000,warmth-bias,envy.target,6
4499058,competence-bias,envy.target,7
4499058,competence-bias,pity.target,5
4497274,warmth-bias,envy.target,4
4497274,warmth-bias,pity.target,6
4493964,warmth-bias,pity.target,5
4493964,warmth-bias,envy.target,6
4487850,warmth-bias,envy.target,4
4487850,warmth-bias,pity.target,7
4475126,equal,envy.target,7
4475126,equal,pity.target,7
4472651,equal,pity.target,4
4472651,equal,envy.target,5
4464048,equal,pity.target,6
4464048,equal,envy.target,5
4455643,warmth-bias,pity.target,7
4455643,warmth-bias,envy.target,6
4450145,equal,pity.target,5
4450145,equal,envy.target,6
4449363,warmth-bias,pity.target,6
4449363,warmth-bias,envy.target,5
4444605,competence-bias,envy.target,6
4444605,competence-bias,pity.target,5
4442650,warmth-bias,pity.target,7
4442650,warmth-bias,envy.target,6
4440298,equal,envy.target,5
4440298,equal,pity.target,5
4421529,competence-bias,envy.target,5
4421529,competence-bias,pity.target,3
4417650,equal,pity.target,6
4417650,equal,envy.target,5
4415178,equal,pity.target,5
4415178,equal,envy.target,3
4384316,competence-bias,envy.target,7
4384316,competence-bias,pity.target,3
4347205,equal,pity.target,4
4347205,equal,envy.target,6
4347185,warmth-bias,envy.target,6
4347185,warmth-bias,pity.target,7
4335260,equal,envy.target,4
4335260,equal,pity.target,4
4313576,equal,envy.target,3
4313576,equal,pity.target,5
4306807,competence-bias,pity.target,4
4306807,competence-bias,envy.target,4
4299433,equal,pity.target,5
4299433,equal,envy.target,5
4287484,equal,pity.target,6
4287484,equal,envy.target,5
4281668,warmth-bias,envy.target,4
4281668,warmth-bias,pity.target,7
4281495,equal,pity.target,7
4281495,equal,envy.target,6
4274861,competence-bias,pity.target,5
4274861,competence-bias,envy.target,6
4272515,competence-bias,envy.target,7
4272515,competence-bias,pity.target,5
4269331,equal,envy.target,6
4269331,equal,pity.target,3
4266129,warmth-bias,envy.target,5
4266129,warmth-bias,pity.target,7
4265848,competence-bias,envy.target,6
4265848,competence-bias,pity.target,6
4262117,equal,envy.target,4
4262117,equal,pity.target,4
4254930,warmth-bias,envy.target,5
4254930,warmth-bias,pity.target,6
4250097,warmth-bias,pity.target,7
4250097,warmth-bias,envy.target,5
4231095,warmth-bias,envy.target,5
4231095,warmth-bias,pity.target,5
4228752,warmth-bias,envy.target,3
4228752,warmth-bias,pity.target,5
4218163,warmth-bias,pity.target,7
4218163,warmth-bias,envy.target,7
4211069,warmth-bias,pity.target,7
4211069,warmth-bias,envy.target,5
4208953,equal,envy.target,7
4208953,equal,pity.target,5
4208453,competence-bias,envy.target,6
4208453,competence-bias,pity.target,5
4202954,warmth-bias,envy.target,5
4202954,warmth-bias,pity.target,7
4201510,equal,pity.target,3
4201510,equal,envy.target,6
4201064,equal,pity.target,6
4201064,equal,envy.target,2
4191611,competence-bias,pity.target,4
4191611,competence-bias,envy.target,6
4185564,competence-bias,envy.target,6
4185564,competence-bias,pity.target,5
4170323,warmth-bias,pity.target,3
4170323,warmth-bias,envy.target,6
4167723,equal,envy.target,4
4167723,equal,pity.target,7
4166237,warmth-bias,pity.target,5
4166237,warmth-bias,envy.target,5
4159423,equal,pity.target,4
4159423,equal,envy.target,4
4157277,equal,envy.target,6
4157277,equal,pity.target,5
4157180,warmth-bias,envy.target,5
4157180,warmth-bias,pity.target,7
4146275,warmth-bias,envy.target,6
4146275,warmth-bias,pity.target,7
4140640,equal,envy.target,4
4140640,equal,pity.target,6
4127239,competence-bias,envy.target,6
4127239,competence-bias,pity.target,4
4089637,warmth-bias,envy.target,4
4089637,warmth-bias,pity.target,7
4086784,competence-bias,pity.target,4
4086784,competence-bias,envy.target,4
4086540,equal,envy.target,6
4086540,equal,pity.target,6
4076196,warmth-bias,pity.target,6
4076196,warmth-bias,envy.target,5
4059664,competence-bias,envy.target,7
4059664,competence-bias,pity.target,5
4055851,equal,pity.target,6
4055851,equal,envy.target,6
4032750,equal,pity.target,4
4032750,equal,envy.target,4
4030508,warmth-bias,envy.target,2
4030508,warmth-bias,pity.target,6
4028020,equal,pity.target,5
4028020,equal,envy.target,6
4027975,competence-bias,pity.target,3
4027975,competence-bias,envy.target,6
4018726,competence-bias,envy.target,5
4018726,competence-bias,pity.target,3
4002709,warmth-bias,pity.target,7
4002709,warmth-bias,envy.target,5
3984234,competence-bias,pity.target,6
3984234,competence-bias,envy.target,3
3980583,competence-bias,pity.target,5
3980583,competence-bias,envy.target,7
3974135,equal,envy.target,5
3974135,equal,pity.target,6
3970946,competence-bias,pity.target,5
3970946,competence-bias,envy.target,7
3962823,equal,pity.target,5
3962823,equal,envy.target,5
3933964,warmth-bias,pity.target,5
3933964,warmth-bias,envy.target,6
3933042,equal,pity.target,6
3933042,equal,envy.target,5
3913145,warmth-bias,pity.target,7
3913145,warmth-bias,envy.target,6
3910190,equal,envy.target,6
3910190,equal,pity.target,6
3902792,equal,pity.target,4
3902792,equal,envy.target,4
3893359,competence-bias,envy.target,6
3893359,competence-bias,pity.target,5
3892303,equal,envy.target,4
3892303,equal,pity.target,6
3882206,equal,pity.target,4
3882206,equal,envy.target,4
3874525,equal,envy.target,2
3874525,equal,pity.target,7
3867379,warmth-bias,pity.target,4
3867379,warmth-bias,envy.target,4
3861344,competence-bias,envy.target,7
3861344,competence-bias,pity.target,2
3861327,equal,envy.target,6
3861327,equal,pity.target,5
3860327,competence-bias,envy.target,7
3860327,competence-bias,pity.target,5
3859718,equal,pity.target,4
3859718,equal,envy.target,6
3858692,competence-bias,envy.target,7
3858692,competence-bias,pity.target,5
3850401,competence-bias,envy.target,4
3850401,competence-bias,pity.target,4
3838775,warmth-bias,pity.target,5
3838775,warmth-bias,envy.target,4
3826835,competence-bias,pity.target,5
3826835,competence-bias,envy.target,7
3826747,competence-bias,pity.target,5
3826747,competence-bias,envy.target,6
3820795,warmth-bias,envy.target,5
3820795,warmth-bias,pity.target,7
3799819,equal,envy.target,7
3799819,equal,pity.target,6
3788116,equal,pity.target,7
3788116,equal,envy.target,6
3781980,warmth-bias,envy.target,5
3781980,warmth-bias,pity.target,6
3779473,warmth-bias,envy.target,6
3779473,warmth-bias,pity.target,7
3774201,equal,pity.target,5
3774201,equal,envy.target,4
3755478,equal,pity.target,6
3755478,equal,envy.target,5
3754559,competence-bias,envy.target,5
3754559,competence-bias,pity.target,4
3750074,equal,envy.target,5
3750074,equal,pity.target,6
3732818,equal,envy.target,6
3732818,equal,pity.target,7
3728422,equal,envy.target,7
3728422,equal,pity.target,5
3716885,warmth-bias,pity.target,5
3716885,warmth-bias,envy.target,5
3703161,warmth-bias,envy.target,6
3703161,warmth-bias,pity.target,7
3700633,equal,envy.target,5
3700633,equal,pity.target,7
3689650,equal,pity.target,6
3689650,equal,envy.target,6
3676573,competence-bias,pity.target,3
3676573,competence-bias,envy.target,7
3673090,competence-bias,envy.target,7
3673090,competence-bias,pity.target,6
3672291,warmth-bias,pity.target,7
3672291,warmth-bias,envy.target,6
3665974,equal,envy.target,4
3665974,equal,pity.target,6
3663160,competence-bias,envy.target,7
3663160,competence-bias,pity.target,5
3662638,warmth-bias,envy.target,4
3662638,warmth-bias,pity.target,6
3648231,equal,pity.target,6
3648231,equal,envy.target,6
3640901,warmth-bias,pity.target,5
3640901,warmth-bias,envy.target,4
3636721,warmth-bias,envy.target,4
3636721,warmth-bias,pity.target,6
3636603,warmth-bias,envy.target,6
3636603,warmth-bias,pity.target,7
3633322,equal,envy.target,4
3633322,equal,pity.target,4
3631868,competence-bias,pity.target,5
3631868,competence-bias,envy.target,7
3619046,competence-bias,envy.target,6
3619046,competence-bias,pity.target,4
3618815,warmth-bias,envy.target,6
3618815,warmth-bias,pity.target,7
3612515,warmth-bias,envy.target,6
3612515,warmth-bias,pity.target,6
3607056,warmth-bias,pity.target,6
3607056,warmth-bias,envy.target,7
3595742,warmth-bias,pity.target,7
3595742,warmth-bias,envy.target,5
3595371,competence-bias,pity.target,5
3595371,competence-bias,envy.target,6
3569972,competence-bias,envy.target,7
3569972,competence-bias,pity.target,7
3514964,competence-bias,pity.target,6
3514964,competence-bias,envy.target,7
3505882,equal,pity.target,3
3505882,equal,envy.target,5
3497476,equal,pity.target,7
3497476,equal,envy.target,6
3479311,equal,envy.target,7
3479311,equal,pity.target,7
3473418,warmth-bias,pity.target,5
3473418,warmth-bias,envy.target,7
3446995,warmth-bias,envy.target,3
3446995,warmth-bias,pity.target,6
3442091,equal,pity.target,5
3442091,equal,envy.target,7
3439706,competence-bias,envy.target,6
3439706,competence-bias,pity.target,3
3419930,equal,envy.target,6
3419930,equal,pity.target,6
3419843,equal,envy.target,5
3419843,equal,pity.target,5
3410729,equal,envy.target,3
3410729,equal,pity.target,6
3410511,competence-bias,envy.target,7
3410511,competence-bias,pity.target,5
3408546,competence-bias,envy.target,5
3408546,competence-bias,pity.target,6
3406177,equal,envy.target,6
3406177,equal,pity.target,6
3392748,warmth-bias,pity.target,6
3392748,warmth-bias,envy.target,5
3385945,warmth-bias,pity.target,4
3385945,warmth-bias,envy.target,5
3383432,equal,pity.target,5
3383432,equal,envy.target,5
3374158,equal,pity.target,7
3374158,equal,envy.target,6
3364201,competence-bias,pity.target,6
3364201,competence-bias,envy.target,5
3355017,equal,envy.target,7
3355017,equal,pity.target,7
3350394,equal,envy.target,5
3350394,equal,pity.target,6
3347788,warmth-bias,pity.target,6
3347788,warmth-bias,envy.target,5
3342309,equal,pity.target,4
3342309,equal,envy.target,4
3341667,equal,pity.target,3
3341667,equal,envy.target,7
3341124,equal,pity.target,6
3341124,equal,envy.target,5
3337848,warmth-bias,pity.target,6
3337848,warmth-bias,envy.target,6
3318071,warmth-bias,envy.target,5
3318071,warmth-bias,pity.target,5
3308309,competence-bias,pity.target,2
3308309,competence-bias,envy.target,6
3301737,competence-bias,pity.target,4
3301737,competence-bias,envy.target,3
3295973,equal,envy.target,4
3295973,equal,pity.target,7
3294840,equal,pity.target,6
3294840,equal,envy.target,3
3285955,warmth-bias,pity.target,6
3285955,warmth-bias,envy.target,5
3283699,competence-bias,pity.target,6
3283699,competence-bias,envy.target,7
3282843,competence-bias,envy.target,5
3282843,competence-bias,pity.target,4
3272003,competence-bias,pity.target,5
3272003,competence-bias,envy.target,7
3266511,competence-bias,envy.target,6
3266511,competence-bias,pity.target,7
3265345,competence-bias,envy.target,4
3265345,competence-bias,pity.target,4
3265267,warmth-bias,pity.target,7
3265267,warmth-bias,envy.target,5
3263959,equal,envy.target,6
3263959,equal,pity.target,7
3260331,competence-bias,pity.target,7
3260331,competence-bias,envy.target,7
3240390,warmth-bias,envy.target,4
3240390,warmth-bias,pity.target,6
3240213,equal,pity.target,5
3240213,equal,envy.target,6
3238631,equal,pity.target,5
3238631,equal,envy.target,3
3228078,competence-bias,envy.target,5
3228078,competence-bias,pity.target,5
3224089,competence-bias,envy.target,6
3224089,competence-bias,pity.target,6
3199962,equal,envy.target,6
3199962,equal,pity.target,5
3185679,warmth-bias,envy.target,3
3185679,warmth-bias,pity.target,6
3164711,warmth-bias,envy.target,5
3164711,warmth-bias,pity.target,7
3146783,warmth-bias,envy.target,2
3146783,warmth-bias,pity.target,7
3141196,competence-bias,pity.target,6
3141196,competence-bias,envy.target,7
3131792,competence-bias,pity.target,4
3131792,competence-bias,envy.target,6
3130110,equal,pity.target,5
3130110,equal,envy.target,6
3125027,equal,envy.target,7
3125027,equal,pity.target,3
3115066,warmth-bias,envy.target,5
3115066,warmth-bias,pity.target,6
3111891,competence-bias,pity.target,6
3111891,competence-bias,envy.target,6
3109557,warmth-bias,envy.target,2
3109557,warmth-bias,pity.target,7
3101307,equal,envy.target,5
3101307,equal,pity.target,7
3083927,warmth-bias,envy.target,6
3083927,warmth-bias,pity.target,7
3073794,equal,envy.target,6
3073794,equal,pity.target,6
3070264,competence-bias,envy.target,7
3070264,competence-bias,pity.target,5
3067408,warmth-bias,envy.target,4
3067408,warmth-bias,pity.target,6
3060820,warmth-bias,envy.target,3
3060820,warmth-bias,pity.target,5
3052535,equal,envy.target,6
3052535,equal,pity.target,7
3051841,competence-bias,envy.target,6
3051841,competence-bias,pity.target,3
3046889,competence-bias,envy.target,4
3046889,competence-bias,pity.target,4
3046287,competence-bias,pity.target,5
3046287,competence-bias,envy.target,4
3037701,warmth-bias,pity.target,6
3037701,warmth-bias,envy.target,5
3031370,warmth-bias,pity.target,5
3031370,warmth-bias,envy.target,5
3017689,competence-bias,envy.target,7
3017689,competence-bias,pity.target,6
3013552,competence-bias,envy.target,6
3013552,competence-bias,pity.target,3
3008772,equal,envy.target,6
3008772,equal,pity.target,6
3006944,competence-bias,envy.target,4
3006944,competence-bias,pity.target,4
3005219,competence-bias,envy.target,7
3005219,competence-bias,pity.target,3
2998438,equal,envy.target,6
2998438,equal,pity.target,7
2978943,competence-bias,pity.target,7
2978943,competence-bias,envy.target,7
2976635,competence-bias,envy.target,6
2976635,competence-bias,pity.target,5
2975527,warmth-bias,pity.target,7
2975527,warmth-bias,envy.target,2
2968738,competence-bias,envy.target,7
2968738,competence-bias,pity.target,5
2965876,warmth-bias,pity.target,6
2965876,warmth-bias,envy.target,3
2964560,warmth-bias,envy.target,3
2964560,warmth-bias,pity.target,6
2964087,equal,pity.target,7
2964087,equal,envy.target,6
2949897,competence-bias,envy.target,7
2949897,competence-bias,pity.target,3
2944853,competence-bias,envy.target,5
2944853,competence-bias,pity.target,5
2939860,warmth-bias,envy.target,5
2939860,warmth-bias,pity.target,6
2929471,warmth-bias,envy.target,6
2929471,warmth-bias,pity.target,7
2926107,competence-bias,envy.target,6
2926107,competence-bias,pity.target,6
2923725,competence-bias,envy.target,5
2923725,competence-bias,pity.target,7
2920051,equal,envy.target,4
2920051,equal,pity.target,4
2917295,equal,envy.target,5
2917295,equal,pity.target,3
2915136,warmth-bias,envy.target,6
2915136,warmth-bias,pity.target,3
2882689,equal,pity.target,7
2882689,equal,envy.target,5
2876095,competence-bias,pity.target,5
2876095,competence-bias,envy.target,7
2875095,equal,pity.target,5
2875095,equal,envy.target,6
2869743,warmth-bias,pity.target,7
2869743,warmth-bias,envy.target,5
2841528,warmth-bias,pity.target,7
2841528,warmth-bias,envy.target,3
2841226,competence-bias,pity.target,3
2841226,competence-bias,envy.target,7
2817103,equal,envy.target,5
2817103,equal,pity.target,7
2816112,competence-bias,pity.target,6
2816112,competence-bias,envy.target,7
2811161,equal,pity.target,5
2811161,equal,envy.target,7
2804166,warmth-bias,pity.target,7
2804166,warmth-bias,envy.target,3
2802491,equal,pity.target,7
2802491,equal,envy.target,5
2792141,equal,pity.target,3
2792141,equal,envy.target,5
2783422,equal,envy.target,5
2783422,equal,pity.target,5
2780025,equal,pity.target,5
2770433,equal,envy.target,4
2770433,equal,pity.target,5
2763918,warmth-bias,pity.target,6
2763918,warmth-bias,envy.target,3
2759062,warmth-bias,pity.target,7
2759062,warmth-bias,envy.target,5
2735424,warmth-bias,pity.target,7
2735424,warmth-bias,envy.target,4
2735008,competence-bias,envy.target,6
2735008,competence-bias,pity.target,3
2730701,competence-bias,envy.target,6
2730701,competence-bias,pity.target,5
2727567,warmth-bias,envy.target,4
2727567,warmth-bias,pity.target,6
2725715,warmth-bias,pity.target,7
2725715,warmth-bias,envy.target,7
2710687,competence-bias,pity.target,4
2710687,competence-bias,envy.target,7
2688688,competence-bias,pity.target,5
2688688,competence-bias,envy.target,4
2682523,warmth-bias,pity.target,5
2682523,warmth-bias,envy.target,6
2676712,equal,pity.target,7
2676712,equal,envy.target,5
2673797,equal,envy.target,5
2673797,equal,pity.target,7
2662422,competence-bias,pity.target,4
2662422,competence-bias,envy.target,7
2655001,competence-bias,pity.target,6
2655001,competence-bias,envy.target,7
2654914,competence-bias,pity.target,1
2654914,competence-bias,envy.target,7
2648118,equal,envy.target,6
2648118,equal,pity.target,6
2644686,competence-bias,pity.target,6
2644686,competence-bias,envy.target,5
2643615,competence-bias,pity.target,6
2643615,competence-bias,envy.target,7
2642885,competence-bias,pity.target,6
2642885,competence-bias,envy.target,7
2640336,warmth-bias,pity.target,6
2640336,warmth-bias,envy.target,6
2633221,warmth-bias,envy.target,4
2633221,warmth-bias,pity.target,6
2633162,competence-bias,pity.target,5
2633162,competence-bias,envy.target,7
2630917,competence-bias,envy.target,7
2630917,competence-bias,pity.target,3
2623008,equal,pity.target,4
2623008,equal,envy.target,5
2619531,competence-bias,pity.target,5
2619531,competence-bias,envy.target,7
2617986,competence-bias,envy.target,7
2617986,competence-bias,pity.target,2
2612830,equal,envy.target,6
2612830,equal,pity.target,6
2605131,competence-bias,pity.target,6
2605131,competence-bias,envy.target,7
2595974,warmth-bias,pity.target,3
2595974,warmth-bias,envy.target,5
2578522,warmth-bias,envy.target,1
2578522,warmth-bias,pity.target,7
2577169,competence-bias,pity.target,7
2577169,competence-bias,envy.target,5
2574810,equal,pity.target,4
2574810,equal,envy.target,4
2573947,warmth-bias,pity.target,5
2573947,warmth-bias,envy.target,6
2570260,warmth-bias,pity.target,7
2570260,warmth-bias,envy.target,5
2555892,competence-bias,envy.target,6
2555892,competence-bias,pity.target,2
2554507,competence-bias,pity.target,6
2554507,competence-bias,envy.target,7
2554480,warmth-bias,pity.target,7
2554480,warmth-bias,envy.target,5
2537280,competence-bias,pity.target,5
2537280,competence-bias,envy.target,7
2535022,warmth-bias,pity.target,4
2535022,warmth-bias,envy.target,5
2530317,warmth-bias,envy.target,4
2530317,warmth-bias,pity.target,4
2517102,warmth-bias,pity.target,4
2517102,warmth-bias,envy.target,4
2510594,warmth-bias,pity.target,7
2510594,warmth-bias,envy.target,3
2487662,equal,pity.target,6
2487662,equal,envy.target,5
2482718,equal,pity.target,4
2482718,equal,envy.target,4
2478308,equal,pity.target,6
2478308,equal,envy.target,4
2465726,equal,pity.target,5
2465726,equal,envy.target,5
2452875,warmth-bias,envy.target,5
2452875,warmth-bias,pity.target,5
2447945,equal,envy.target,6
2447945,equal,pity.target,5
2445563,warmth-bias,envy.target,5
2445563,warmth-bias,pity.target,6
2434140,competence-bias,pity.target,3
2434140,competence-bias,envy.target,6
2433938,warmth-bias,pity.target,6
2433938,warmth-bias,envy.target,6
2424396,warmth-bias,pity.target,6
2424396,warmth-bias,envy.target,5
2419067,warmth-bias,envy.target,5
2419067,warmth-bias,pity.target,4
2414419,competence-bias,pity.target,3
2414419,competence-bias,envy.target,4
2406588,equal,pity.target,5
2406588,equal,envy.target,4
2377925,warmth-bias,pity.target,6
2377925,warmth-bias,envy.target,5
2373359,competence-bias,pity.target,5
2373359,competence-bias,envy.target,6
2341219,competence-bias,envy.target,5
2341219,competence-bias,pity.target,4
2321920,equal,envy.target,5
2321920,equal,pity.target,5
2321745,competence-bias,pity.target,5
2321745,competence-bias,envy.target,6
2303853,competence-bias,pity.target,6
2303853,competence-bias,envy.target,6
2298934,competence-bias,envy.target,3
2298934,competence-bias,pity.target,6
2296490,warmth-bias,pity.target,7
2296490,warmth-bias,envy.target,7
2295865,equal,pity.target,3
2295865,equal,envy.target,7
2294749,warmth-bias,envy.target,3
2294749,warmth-bias,pity.target,7
2291519,warmth-bias,pity.target,6
2291519,warmth-bias,envy.target,6
2282000,competence-bias,envy.target,7
2282000,competence-bias,pity.target,6
2262719,competence-bias,envy.target,4
2262719,competence-bias,pity.target,7
2250273,warmth-bias,envy.target,5
2250273,warmth-bias,pity.target,6
2244727,warmth-bias,pity.target,6
2244727,warmth-bias,envy.target,5
2217112,equal,pity.target,5
2217112,equal,envy.target,6
2215584,warmth-bias,envy.target,7
2215584,warmth-bias,pity.target,7
2196414,competence-bias,envy.target,5
2196414,competence-bias,pity.target,6
2196204,competence-bias,pity.target,5
2196204,competence-bias,envy.target,6
2194326,competence-bias,envy.target,4
2194326,competence-bias,pity.target,4
2176461,competence-bias,envy.target,6
2176461,competence-bias,pity.target,2
2167746,equal,pity.target,6
2167746,equal,envy.target,7
2167419,equal,envy.target,5
2167419,equal,pity.target,6
2165714,warmth-bias,pity.target,7
2165714,warmth-bias,envy.target,7
2157594,warmth-bias,envy.target,2
2157594,warmth-bias,pity.target,6
2155408,equal,pity.target,6
2155408,equal,envy.target,6
2144262,warmth-bias,envy.target,6
2144262,warmth-bias,pity.target,7
2141964,warmth-bias,pity.target,7
2141964,warmth-bias,envy.target,5
2135043,equal,envy.target,6
2135043,equal,pity.target,5
2125813,competence-bias,pity.target,5
2125813,competence-bias,envy.target,6
2112655,competence-bias,pity.target,3
2112655,competence-bias,envy.target,4
2112073,warmth-bias,envy.target,6
2112073,warmth-bias,pity.target,6
2101637,warmth-bias,pity.target,7
2101637,warmth-bias,envy.target,6
2092071,equal,envy.target,6
2092071,equal,pity.target,6
2069302,competence-bias,pity.target,4
2069302,competence-bias,envy.target,7
2065721,competence-bias,pity.target,5
2065721,competence-bias,envy.target,7
2048776,competence-bias,envy.target,6
2048776,competence-bias,pity.target,3
2048188,warmth-bias,envy.target,6
2048188,warmth-bias,pity.target,5
2016018,competence-bias,envy.target,7
2016018,competence-bias,pity.target,3
1997453,warmth-bias,envy.target,6
1997453,warmth-bias,pity.target,7
1985351,warmth-bias,envy.target,5
1985351,warmth-bias,pity.target,7
1982997,competence-bias,pity.target,3
1982997,competence-bias,envy.target,7
1976187,warmth-bias,pity.target,6
1976187,warmth-bias,envy.target,5
1958898,warmth-bias,envy.target,5
1958898,warmth-bias,pity.target,6
1954334,equal,pity.target,6
1954334,equal,envy.target,6
1944310,competence-bias,pity.target,4
1944310,competence-bias,envy.target,6
1942029,equal,envy.target,7
1942029,equal,pity.target,6
1941929,competence-bias,pity.target,5
1941929,competence-bias,envy.target,6
1926829,warmth-bias,pity.target,5
1926829,warmth-bias,envy.target,7
1918206,competence-bias,envy.target,4
1918206,competence-bias,pity.target,6
1912327,competence-bias,envy.target,4
1912327,competence-bias,pity.target,4
1907419,competence-bias,pity.target,3
1907419,competence-bias,envy.target,6
1904389,warmth-bias,envy.target,7
1904389,warmth-bias,pity.target,6
1901023,warmth-bias,pity.target,6
1901023,warmth-bias,envy.target,5
1896671,equal,envy.target,5
1896671,equal,pity.target,7
1881027,warmth-bias,pity.target,6
1881027,warmth-bias,envy.target,4
1878751,warmth-bias,pity.target,7
1878751,warmth-bias,envy.target,5
1877044,warmth-bias,pity.target,7
1877044,warmth-bias,envy.target,6
1864331,equal,envy.target,3
1864331,equal,pity.target,6
1854650,equal,envy.target,7
1854650,equal,pity.target,6
1851816,equal,envy.target,6
1851816,equal,pity.target,7
1833400,competence-bias,pity.target,3
1833400,competence-bias,envy.target,6
1831260,competence-bias,pity.target,5
1831260,competence-bias,envy.target,7
1827767,equal,pity.target,5
1827767,equal,envy.target,5
1819245,equal,envy.target,6
1819245,equal,pity.target,5
1815160,competence-bias,envy.target,6
1815160,competence-bias,pity.target,5
1812268,warmth-bias,pity.target,6
1812268,warmth-bias,envy.target,3
1811986,warmth-bias,envy.target,6
1811986,warmth-bias,pity.target,5
1809965,equal,pity.target,5
1809965,equal,envy.target,7
1803311,competence-bias,pity.target,7
1803311,competence-bias,envy.target,6
1802917,competence-bias,envy.target,6
1802917,competence-bias,pity.target,4
1794305,warmth-bias,envy.target,3
1794305,warmth-bias,pity.target,7
1788325,equal,pity.target,6
1788325,equal,envy.target,5
1767964,equal,envy.target,4
1767964,equal,pity.target,4
1762083,equal,pity.target,7
1762083,equal,envy.target,6
1750147,competence-bias,pity.target,6
1750147,competence-bias,envy.target,6
1733330,warmth-bias,envy.target,6
1733330,warmth-bias,pity.target,6
1718157,warmth-bias,pity.target,7
1718157,warmth-bias,envy.target,3
1717887,warmth-bias,envy.target,5
1717887,warmth-bias,pity.target,7
1715124,warmth-bias,pity.target,6
1715124,warmth-bias,envy.target,4
1713103,competence-bias,pity.target,5
1713103,competence-bias,envy.target,6
1697704,equal,pity.target,5
1697704,equal,envy.target,6
1697201,equal,envy.target,4
1697201,equal,pity.target,5
1688620,warmth-bias,envy.target,3
1688620,warmth-bias,pity.target,6
1652471,equal,envy.target,5
1652471,equal,pity.target,5
1640596,warmth-bias,envy.target,4
1640596,warmth-bias,pity.target,6
1630908,equal,pity.target,5
1630908,equal,envy.target,6
1625258,equal,envy.target,4
1625258,equal,pity.target,5
1613474,competence-bias,pity.target,5
1613474,competence-bias,envy.target,7
1580711,equal,envy.target,6
1580711,equal,pity.target,6
1579357,warmth-bias,pity.target,7
1579357,warmth-bias,envy.target,5
1553401,warmth-bias,envy.target,4
1553401,warmth-bias,pity.target,4
1534666,warmth-bias,envy.target,5
1534666,warmth-bias,pity.target,7
1525799,equal,envy.target,7
1525799,equal,pity.target,5
1501133,competence-bias,pity.target,3
1501133,competence-bias,envy.target,6
1499349,competence-bias,pity.target,4
1499349,competence-bias,envy.target,4
1494418,competence-bias,envy.target,4
1494418,competence-bias,pity.target,7
1493289,equal,pity.target,6
1493289,equal,envy.target,5
1493258,warmth-bias,pity.target,7
1493258,warmth-bias,envy.target,6
1484498,warmth-bias,envy.target,7
1484498,warmth-bias,pity.target,5
1478622,competence-bias,pity.target,4
1478622,competence-bias,envy.target,5
1473699,competence-bias,envy.target,7
1473699,competence-bias,pity.target,4
1473450,warmth-bias,pity.target,4
1473450,warmth-bias,envy.target,4
1471764,competence-bias,pity.target,5
1471764,competence-bias,envy.target,7
1470706,competence-bias,envy.target,5
1470706,competence-bias,pity.target,3
1456790,warmth-bias,envy.target,5
1456790,warmth-bias,pity.target,7
1453399,warmth-bias,pity.target,5
1453399,warmth-bias,envy.target,6
1450749,equal,envy.target,5
1450749,equal,pity.target,5
1448271,warmth-bias,pity.target,7
1448271,warmth-bias,envy.target,3
1447844,equal,envy.target,4
1447844,equal,pity.target,4
1437424,competence-bias,envy.target,7
1437424,competence-bias,pity.target,6
1430735,competence-bias,pity.target,4
1430735,competence-bias,envy.target,6
1425983,competence-bias,pity.target,6
1425983,competence-bias,envy.target,7
1398810,equal,pity.target,5
1398810,equal,envy.target,6
1385405,competence-bias,envy.target,5
1385405,competence-bias,pity.target,3
1384144,competence-bias,envy.target,6
1384144,competence-bias,pity.target,5
1383428,equal,envy.target,6
1383428,equal,pity.target,6
1381851,equal,envy.target,6
1381851,equal,pity.target,6
1375865,equal,pity.target,6
1375865,equal,envy.target,5
1368279,competence-bias,pity.target,6
1368279,competence-bias,envy.target,7
1367881,equal,envy.target,4
1367881,equal,pity.target,6
1359795,competence-bias,pity.target,5
1359795,competence-bias,envy.target,6
1347040,equal,pity.target,6
1347040,equal,envy.target,5
1332395,warmth-bias,pity.target,7
1332395,warmth-bias,envy.target,5
1323282,equal,envy.target,5
1323282,equal,pity.target,6
1321683,warmth-bias,envy.target,5
1321683,warmth-bias,pity.target,7
1301060,warmth-bias,envy.target,4
1301060,warmth-bias,pity.target,6
1300139,equal,pity.target,4
1300139,equal,envy.target,6
1299397,warmth-bias,envy.target,4
1299397,warmth-bias,pity.target,5
1291736,competence-bias,pity.target,3
1291736,competence-bias,envy.target,5
1287392,competence-bias,pity.target,2
1287392,competence-bias,envy.target,7
1281397,competence-bias,pity.target,5
1281397,competence-bias,envy.target,7
1276840,competence-bias,envy.target,7
1276840,competence-bias,pity.target,5
1271932,equal,envy.target,5
1271932,equal,pity.target,6
1262779,competence-bias,pity.target,6
1262779,competence-bias,envy.target,7
1243936,equal,envy.target,7
1243936,equal,pity.target,5
1242809,competence-bias,pity.target,5
1242809,competence-bias,envy.target,7
1239809,equal,pity.target,5
1239809,equal,envy.target,7
1237003,competence-bias,envy.target,5
1237003,competence-bias,pity.target,4
1229600,equal,envy.target,4
1229600,equal,pity.target,6
1224214,competence-bias,envy.target,7
1224214,competence-bias,pity.target,6
1221425,competence-bias,pity.target,5
1221425,competence-bias,envy.target,5
1214221,warmth-bias,envy.target,6
1214221,warmth-bias,pity.target,6
1212640,warmth-bias,pity.target,5
1212640,warmth-bias,envy.target,5
1210059,warmth-bias,envy.target,6
1210059,warmth-bias,pity.target,7
1209536,warmth-bias,pity.target,6
1209536,warmth-bias,envy.target,5
1207807,warmth-bias,pity.target,6
1207807,warmth-bias,envy.target,5
1206892,competence-bias,envy.target,6
1206892,competence-bias,pity.target,6
1205984,equal,envy.target,5
1205984,equal,pity.target,6
1200251,equal,pity.target,5
1200251,equal,envy.target,5
1192179,competence-bias,envy.target,6
1192179,competence-bias,pity.target,7
1185811,warmth-bias,envy.target,3
1185811,warmth-bias,pity.target,6
1178772,warmth-bias,envy.target,5
1178772,warmth-bias,pity.target,6
1156383,competence-bias,envy.target,7
1156383,competence-bias,pity.target,6
1154217,warmth-bias,pity.target,7
1154217,warmth-bias,envy.target,5
1147846,equal,pity.target,6
1147846,equal,envy.target,6
1141674,competence-bias,pity.target,5
1141674,competence-bias,envy.target,7
1138376,warmth-bias,envy.target,5
1138376,warmth-bias,pity.target,7
1134024,warmth-bias,envy.target,5
1134024,warmth-bias,pity.target,6
1122614,equal,envy.target,7
1122614,equal,pity.target,3
1109762,competence-bias,pity.target,3
1109762,competence-bias,envy.target,6
1070941,competence-bias,pity.target,6
1070941,competence-bias,envy.target,6
1062759,equal,pity.target,6
1062759,equal,envy.target,7
1053129,competence-bias,pity.target,5
1053129,competence-bias,envy.target,6
1052810,competence-bias,envy.target,6
1052810,competence-bias,pity.target,5
1046949,equal,envy.target,5
1046949,equal,pity.target,4
1043288,warmth-bias,pity.target,4
1043288,warmth-bias,envy.target,4
1042486,competence-bias,pity.target,6
1042486,competence-bias,envy.target,4
1032337,warmth-bias,envy.target,6
1032337,warmth-bias,pity.target,6
1032219,warmth-bias,envy.target,6
1032219,warmth-bias,pity.target,6
1028883,competence-bias,pity.target,3
1028883,competence-bias,envy.target,6
1027127,warmth-bias,envy.target,3
1027127,warmth-bias,pity.target,6
1026929,warmth-bias,pity.target,7
1026929,warmth-bias,envy.target,7
1025531,warmth-bias,pity.target,7
1025531,warmth-bias,envy.target,6
1008779,warmth-bias,envy.target,5
1008779,warmth-bias,pity.target,6
1002197,warmth-bias,pity.target,5
1002197,warmth-bias,envy.target,5
995808,equal,pity.target,6
995808,equal,envy.target,6
990942,competence-bias,envy.target,6
990942,competence-bias,pity.target,3
980858,warmth-bias,envy.target,6
980858,warmth-bias,pity.target,7
958576,equal,envy.target,6
958576,equal,pity.target,6
950955,warmth-bias,envy.target,3
950955,warmth-bias,pity.target,6
950694,competence-bias,pity.target,4
950694,competence-bias,envy.target,5
943367,warmth-bias,pity.target,7
943367,warmth-bias,envy.target,2
934138,equal,envy.target,7
934138,equal,pity.target,5
930405,competence-bias,pity.target,3
930405,competence-bias,envy.target,6
928611,equal,pity.target,4
928611,equal,envy.target,4
923051,equal,pity.target,5
923051,equal,envy.target,6
921688,warmth-bias,pity.target,7
921688,warmth-bias,envy.target,5
918484,equal,pity.target,5
918484,equal,envy.target,7
913851,competence-bias,pity.target,5
913851,competence-bias,envy.target,7
897437,competence-bias,envy.target,6
897437,competence-bias,pity.target,3
880895,warmth-bias,pity.target,6
880895,warmth-bias,envy.target,5
880384,competence-bias,envy.target,6
880384,competence-bias,pity.target,6
869499,equal,pity.target,7
869499,equal,envy.target,7
855566,competence-bias,envy.target,5
855566,competence-bias,pity.target,4
838431,competence-bias,pity.target,3
838431,competence-bias,envy.target,7
835623,competence-bias,envy.target,6
835623,competence-bias,pity.target,6
832153,competence-bias,pity.target,6
832153,competence-bias,envy.target,7
831686,equal,envy.target,7
831686,equal,pity.target,7
830166,warmth-bias,pity.target,7
830166,warmth-bias,envy.target,2
804628,warmth-bias,pity.target,7
804628,warmth-bias,envy.target,5
801315,equal,pity.target,6
801315,equal,envy.target,6
787201,warmth-bias,pity.target,7
787201,warmth-bias,envy.target,3
783739,warmth-bias,envy.target,7
783739,warmth-bias,pity.target,5
764862,equal,pity.target,6
764862,equal,envy.target,7
763424,warmth-bias,envy.target,6
763424,warmth-bias,pity.target,7
758730,warmth-bias,pity.target,7
758730,warmth-bias,envy.target,1
752863,warmth-bias,pity.target,6
752863,warmth-bias,envy.target,5
735941,warmth-bias,envy.target,6
735941,warmth-bias,pity.target,6
734413,competence-bias,envy.target,7
734413,competence-bias,pity.target,7
725020,warmth-bias,envy.target,4
725020,warmth-bias,pity.target,4
723442,warmth-bias,pity.target,4
723442,warmth-bias,envy.target,4
721068,equal,envy.target,4
721068,equal,pity.target,4
711879,warmth-bias,envy.target,6
711879,warmth-bias,pity.target,3
709182,competence-bias,pity.target,4
709182,competence-bias,envy.target,4
706517,competence-bias,envy.target,6
706517,competence-bias,pity.target,5
697616,competence-bias,envy.target,7
697616,competence-bias,pity.target,5
677351,warmth-bias,envy.target,6
677351,warmth-bias,pity.target,7
674571,equal,pity.target,5
674571,equal,envy.target,5
669931,competence-bias,envy.target,7
669931,competence-bias,pity.target,5
650823,warmth-bias,pity.target,5
650823,warmth-bias,envy.target,3
650295,equal,envy.target,4
650295,equal,pity.target,5
650054,equal,envy.target,7
650054,equal,pity.target,4
640264,equal,pity.target,6
640264,equal,envy.target,6
616662,warmth-bias,pity.target,7
616662,warmth-bias,envy.target,5
610522,equal,envy.target,5
610522,equal,pity.target,6
609899,warmth-bias,envy.target,7
609899,warmth-bias,pity.target,6
596291,competence-bias,envy.target,7
596291,competence-bias,pity.target,3
586749,equal,pity.target,6
586749,equal,envy.target,7
568269,warmth-bias,pity.target,4
568269,warmth-bias,envy.target,5
559167,competence-bias,envy.target,6
559167,competence-bias,pity.target,2
558675,competence-bias,envy.target,7
558675,competence-bias,pity.target,5
552817,competence-bias,pity.target,2
552817,competence-bias,envy.target,6
545639,warmth-bias,pity.target,6
545639,warmth-bias,envy.target,2
534583,warmth-bias,pity.target,6
534583,warmth-bias,envy.target,5
530765,warmth-bias,pity.target,2
530765,warmth-bias,envy.target,6
518904,equal,pity.target,7
518904,equal,envy.target,5
517471,warmth-bias,pity.target,5
517471,warmth-bias,envy.target,5
506992,warmth-bias,pity.target,7
506992,warmth-bias,envy.target,2
498770,equal,pity.target,6
498770,equal,envy.target,5
496044,competence-bias,envy.target,6
496044,competence-bias,pity.target,3
464816,equal,pity.target,6
464816,equal,envy.target,5
462895,equal,pity.target,6
462895,equal,envy.target,7
459735,equal,envy.target,5
459735,equal,pity.target,5
458814,competence-bias,envy.target,4
458814,competence-bias,pity.target,6
428706,equal,pity.target,6
428706,equal,envy.target,5
426755,warmth-bias,pity.target,6
426755,warmth-bias,envy.target,3
418516,warmth-bias,pity.target,6
418516,warmth-bias,envy.target,5
410536,warmth-bias,envy.target,4
410536,warmth-bias,pity.target,6
398348,equal,pity.target,6
398348,equal,envy.target,6
396230,competence-bias,pity.target,6
396230,competence-bias,envy.target,7
394806,warmth-bias,pity.target,7
394806,warmth-bias,envy.target,4
387690,warmth-bias,pity.target,6
387690,warmth-bias,envy.target,3
383875,equal,pity.target,6
383875,equal,envy.target,6
382844,warmth-bias,pity.target,7
382844,warmth-bias,envy.target,6
376020,warmth-bias,pity.target,7
376020,warmth-bias,envy.target,5
374921,competence-bias,envy.target,6
374921,competence-bias,pity.target,5
374916,competence-bias,pity.target,3
374916,competence-bias,envy.target,6
370613,equal,pity.target,7
370613,equal,envy.target,5
366208,equal,envy.target,4
366208,equal,pity.target,4
362062,competence-bias,pity.target,4
362062,competence-bias,envy.target,4
356864,equal,envy.target,6
356864,equal,pity.target,7
355425,competence-bias,envy.target,6
355425,competence-bias,pity.target,5
350552,equal,pity.target,5
350552,equal,envy.target,3
350451,competence-bias,envy.target,5
350451,competence-bias,pity.target,6
343376,competence-bias,pity.target,5
343376,competence-bias,envy.target,6
336983,warmth-bias,pity.target,6
336983,warmth-bias,envy.target,3
336156,equal,envy.target,6
336156,equal,pity.target,7
328442,competence-bias,pity.target,5
328442,competence-bias,envy.target,6
296537,equal,pity.target,5
296537,equal,envy.target,4
287458,competence-bias,envy.target,7
287458,competence-bias,pity.target,6
276175,equal,envy.target,5
276175,equal,pity.target,6
264958,equal,envy.target,5
264958,equal,pity.target,5
264314,competence-bias,envy.target,6
264314,competence-bias,pity.target,5
258551,equal,pity.target,5
258551,equal,envy.target,6
254732,competence-bias,envy.target,7
254732,competence-bias,pity.target,6
248140,warmth-bias,envy.target,4
248140,warmth-bias,pity.target,6
245082,equal,envy.target,5
245082,equal,pity.target,6
221532,warmth-bias,pity.target,6
221532,warmth-bias,envy.target,3
195877,equal,envy.target,3
195877,equal,pity.target,5
192767,warmth-bias,envy.target,6
192767,warmth-bias,pity.target,6
172714,warmth-bias,pity.target,7
172714,warmth-bias,envy.target,3
166552,equal,envy.target,4
166552,equal,pity.target,4
159997,equal,envy.target,5
159997,equal,pity.target,7
157423,equal,pity.target,7
157423,equal,envy.target,5
156462,warmth-bias,envy.target,3
156462,warmth-bias,pity.target,7
153658,warmth-bias,envy.target,5
153658,warmth-bias,pity.target,7
152849,equal,pity.target,4
152849,equal,envy.target,5
137174,competence-bias,envy.target,7
137174,competence-bias,pity.target,3
134193,competence-bias,pity.target,5
134193,competence-bias,envy.target,6
131487,competence-bias,pity.target,6
131487,competence-bias,envy.target,5
129987,warmth-bias,envy.target,5
129987,warmth-bias,pity.target,6
126095,competence-bias,envy.target,7
126095,competence-bias,pity.target,2
114790,competence-bias,envy.target,3
114790,competence-bias,pity.target,4
101353,warmth-bias,envy.target,2
101353,warmth-bias,pity.target,7
76375,competence-bias,envy.target,6
76375,competence-bias,pity.target,5
75862,equal,pity.target,7
75862,equal,envy.target,5
72307,warmth-bias,pity.target,6
72307,warmth-bias,envy.target,3
58069,competence-bias,envy.target,7
58069,competence-bias,pity.target,5
41298,competence-bias,pity.target,2
41298,competence-bias,envy.target,7
37297,competence-bias,envy.target,7
37297,competence-bias,pity.target,2
34135,equal,pity.target,6
34135,equal,envy.target,6
30754,competence-bias,pity.target,3
30754,competence-bias,envy.target,7
29252,equal,pity.target,6
29252,equal,envy.target,5
22784,equal,envy.target,7
22784,equal,pity.target,5
21634,equal,envy.target,4
21634,equal,pity.target,6
17828,competence-bias,pity.target,5
17828,competence-bias,envy.target,6