"subject","condition","target","rating"
"5323","equal","pity.target",6
"5323","equal","envy.target",7
"16133","competence-bias","envy.target",5
"16133","competence-bias","pity.target",3
"18715","equal","envy.target",6
"18715","equal","pity.target",7
"26992","competence-bias","envy.target",4
"26992","competence-bias","pity.target",3
"33485","warmth-bias","envy.target",7
"33485","warmth-bias","pity.target",7
"61746","equal","envy.target",6
"61746","equal","pity.target",3
"66018","competence-bias","envy.target",6
"66018","competence-bias","pity.target",5
"83085","warmth-bias","envy.target",5
"83085","warmth-bias","pity.target",3
"84403","competence-bias","envy.target",6
"84403","competence-bias","pity.target",4
"88666","competence-bias","pity.target",7
"88666","competence-bias","envy.target",7
"91842","competence-bias","pity.target",3
"91842","competence-bias","envy.target",5
"94407","warmth-bias","envy.target",4
"94407","warmth-bias","pity.target",5
"96678","competence-bias","envy.target",6
"96678","competence-bias","pity.target",2
"112304","equal","envy.target",5
"112304","equal","pity.target",3
"119607","warmth-bias","envy.target",6
"119607","warmth-bias","pity.target",5
"136674","competence-bias","pity.target",5
"136674","competence-bias","envy.target",6
"140761","equal","pity.target",6
"140761","equal","envy.target",6
"149377","warmth-bias","envy.target",6
"149377","warmth-bias","pity.target",6
"170886","equal","envy.target",6
"170886","equal","pity.target",3
"193152","warmth-bias","envy.target",7
"193152","warmth-bias","pity.target",7
"193481","equal","envy.target",5
"193481","equal","pity.target",6
"197423","competence-bias","envy.target",5
"197423","competence-bias","pity.target",5
"217034","competence-bias","pity.target",6
"217034","competence-bias","envy.target",4
"233341","equal","envy.target",7
"233341","equal","pity.target",5
"248165","warmth-bias","envy.target",4
"248165","warmth-bias","pity.target",4
"263054","warmth-bias","envy.target",6
"263054","warmth-bias","pity.target",5
"267986","equal","pity.target",5
"267986","equal","envy.target",5
"270773","warmth-bias","pity.target",5
"270773","warmth-bias","envy.target",6
"270880","warmth-bias","pity.target",5
"270880","warmth-bias","envy.target",6
"272741","warmth-bias","envy.target",6
"272741","warmth-bias","pity.target",5
"287267","equal","envy.target",6
"287267","equal","pity.target",7
"295098","equal","pity.target",7
"295098","equal","envy.target",1
"297054","competence-bias","pity.target",5
"297054","competence-bias","envy.target",6
"301961","competence-bias","envy.target",7
"301961","competence-bias","pity.target",7
"311392","equal","pity.target",7
"311392","equal","envy.target",6
"319890","warmth-bias","envy.target",5
"319890","warmth-bias","pity.target",3
"331794","equal","pity.target",5
"331794","equal","envy.target",3
"332593","warmth-bias","envy.target",6
"332593","warmth-bias","pity.target",5
"339223","equal","pity.target",5
"339223","equal","envy.target",4
"341712","equal","pity.target",6
"341712","equal","envy.target",3
"344746","warmth-bias","pity.target",4
"344746","warmth-bias","envy.target",5
"361811","competence-bias","pity.target",5
"361811","competence-bias","envy.target",6
"383297","competence-bias","pity.target",3
"383297","competence-bias","envy.target",5
"384081","competence-bias","pity.target",7
"384081","competence-bias","envy.target",6
"403596","warmth-bias","pity.target",5
"403596","warmth-bias","envy.target",6
"417236","competence-bias","envy.target",6
"417236","competence-bias","pity.target",5
"420720","warmth-bias","envy.target",5
"420720","warmth-bias","pity.target",6
"421729","competence-bias","envy.target",7
"421729","competence-bias","pity.target",7
"430683","warmth-bias","envy.target",4
"430683","warmth-bias","pity.target",7
"432512","equal","envy.target",5
"432512","equal","pity.target",5
"432622","competence-bias","envy.target",6
"432622","competence-bias","pity.target",3
"441828","warmth-bias","envy.target",7
"441828","warmth-bias","pity.target",7
"450784","equal","pity.target",6
"450784","equal","envy.target",3
"451934","warmth-bias","pity.target",5
"451934","warmth-bias","envy.target",3
"456349","equal","pity.target",4
"456349","equal","envy.target",6
"456865","competence-bias","pity.target",6
"456865","competence-bias","envy.target",5
"461138","competence-bias","envy.target",4
"461138","competence-bias","pity.target",7
"463121","warmth-bias","pity.target",4
"463121","warmth-bias","envy.target",4
"464624","equal","pity.target",7
"464624","equal","envy.target",6
"481025","competence-bias","pity.target",4
"481025","competence-bias","envy.target",4
"488120","competence-bias","envy.target",7
"488120","competence-bias","pity.target",7
"516232","warmth-bias","envy.target",5
"516232","warmth-bias","pity.target",4
"518364","equal","envy.target",6
"518364","equal","pity.target",5
"525589","competence-bias","pity.target",5
"525589","competence-bias","envy.target",6
"531125","warmth-bias","pity.target",7
"531125","warmth-bias","envy.target",6
"533878","competence-bias","pity.target",5
"533878","competence-bias","envy.target",7
"551142","warmth-bias","envy.target",7
"551142","warmth-bias","pity.target",5
"552179","competence-bias","pity.target",4
"552179","competence-bias","envy.target",6
"555894","warmth-bias","envy.target",5
"555894","warmth-bias","pity.target",4
"560992","equal","pity.target",5
"560992","equal","envy.target",4
"561909","equal","envy.target",6
"561909","equal","pity.target",4
"564655","equal","envy.target",6
"564655","equal","pity.target",4
"566106","equal","pity.target",2
"566106","equal","envy.target",7
"567877","equal","pity.target",6
"567877","equal","envy.target",7
"569406","competence-bias","envy.target",3
"569406","competence-bias","pity.target",3
"577664","warmth-bias","pity.target",5
"577664","warmth-bias","envy.target",4
"579265","warmth-bias","envy.target",7
"579265","warmth-bias","pity.target",6
"583643","competence-bias","pity.target",6
"583643","competence-bias","envy.target",4
"588315","competence-bias","envy.target",6
"588315","competence-bias","pity.target",5
"591640","warmth-bias","pity.target",4
"591640","warmth-bias","envy.target",6
"591674","warmth-bias","pity.target",4
"591674","warmth-bias","envy.target",5
"591913","equal","pity.target",6
"591913","equal","envy.target",5
"593014","competence-bias","envy.target",7
"593014","competence-bias","pity.target",4
"608066","warmth-bias","pity.target",5
"608066","warmth-bias","envy.target",6
"609731","warmth-bias","pity.target",6
"609731","warmth-bias","envy.target",6
"614522","competence-bias","envy.target",7
"614522","competence-bias","pity.target",7
"629187","warmth-bias","envy.target",6
"629187","warmth-bias","pity.target",3
"640124","competence-bias","pity.target",5
"640124","competence-bias","envy.target",4
"648110","equal","envy.target",7
"648110","equal","pity.target",7
"649980","equal","envy.target",7
"649980","equal","pity.target",5
"654510","competence-bias","envy.target",5
"654510","competence-bias","pity.target",3
"658274","warmth-bias","envy.target",6
"658274","warmth-bias","pity.target",6
"667622","warmth-bias","envy.target",5
"667622","warmth-bias","pity.target",6
"671212","competence-bias","pity.target",5
"671212","competence-bias","envy.target",7
"675306","warmth-bias","envy.target",6
"675306","warmth-bias","pity.target",3
"682598","warmth-bias","envy.target",6
"682598","warmth-bias","pity.target",5
"690903","competence-bias","envy.target",7
"690903","competence-bias","pity.target",7
"695733","equal","envy.target",6
"695733","equal","pity.target",7
"697134","warmth-bias","pity.target",7
"697134","warmth-bias","envy.target",7
"718529","equal","pity.target",5
"718529","equal","envy.target",5
"753384","competence-bias","pity.target",4
"753384","competence-bias","envy.target",4
"769120","equal","pity.target",4
"769120","equal","envy.target",5
"775194","warmth-bias","envy.target",6
"775194","warmth-bias","pity.target",4
"780849","warmth-bias","envy.target",5
"780849","warmth-bias","pity.target",3
"793440","equal","envy.target",6
"793440","equal","pity.target",6
"802353","warmth-bias","envy.target",6
"802353","warmth-bias","pity.target",4
"828546","warmth-bias","envy.target",6
"828546","warmth-bias","pity.target",5
"840545","equal","envy.target",5
"840545","equal","pity.target",6
"860571","competence-bias","envy.target",6
"860571","competence-bias","pity.target",3
"870993","equal","pity.target",7
"870993","equal","envy.target",5
"875798","competence-bias","pity.target",5
"875798","competence-bias","envy.target",5
"879193","competence-bias","pity.target",3
"879193","competence-bias","envy.target",6
"899981","equal","pity.target",5
"899981","equal","envy.target",3
"913078","competence-bias","pity.target",3
"913078","competence-bias","envy.target",6
"917708","equal","pity.target",3
"917708","equal","envy.target",6
"919965","warmth-bias","pity.target",6
"919965","warmth-bias","envy.target",7
"928705","competence-bias","envy.target",5
"928705","competence-bias","pity.target",6
"938308","warmth-bias","envy.target",7
"938308","warmth-bias","pity.target",6
"939701","warmth-bias","envy.target",7
"939701","warmth-bias","pity.target",6
"940312","competence-bias","pity.target",3
"940312","competence-bias","envy.target",5
"941995","warmth-bias","pity.target",7
"941995","warmth-bias","envy.target",7
"957824","competence-bias","envy.target",1
"957824","competence-bias","pity.target",2
"962514","warmth-bias","pity.target",6
"962514","warmth-bias","envy.target",7
"962820","competence-bias","envy.target",6
"963831","competence-bias","pity.target",4
"963831","competence-bias","envy.target",6
"969470","competence-bias","pity.target",4
"969470","competence-bias","envy.target",5
"971203","equal","envy.target",7
"971203","equal","pity.target",7
"975184","warmth-bias","envy.target",5
"975184","warmth-bias","pity.target",5
"977357","equal","envy.target",6
"977357","equal","pity.target",3
"982526","competence-bias","pity.target",5
"982526","competence-bias","envy.target",6
"988733","equal","envy.target",7
"988733","equal","pity.target",6
"992807","competence-bias","pity.target",3
"992807","competence-bias","envy.target",5
"993886","equal","pity.target",6
"993886","equal","envy.target",7
"995438","equal","envy.target",5
"995438","equal","pity.target",6
"1006903","equal","pity.target",5
"1006903","equal","envy.target",6
"1030997","warmth-bias","pity.target",6
"1030997","warmth-bias","envy.target",5
"1054706","competence-bias","envy.target",6
"1054706","competence-bias","pity.target",6
"1065677","equal","envy.target",6
"1065677","equal","pity.target",6
"1073993","warmth-bias","pity.target",5
"1073993","warmth-bias","envy.target",7
"1085335","competence-bias","pity.target",5
"1085335","competence-bias","envy.target",7
"1088525","competence-bias","envy.target",6
"1088525","competence-bias","pity.target",5
"1089751","competence-bias","pity.target",6
"1089751","competence-bias","envy.target",6
"1103218","equal","envy.target",6
"1103218","equal","pity.target",6
"1103559","warmth-bias","envy.target",6
"1103559","warmth-bias","pity.target",4
"1104977","competence-bias","envy.target",4
"1104977","competence-bias","pity.target",4
"1126692","competence-bias","envy.target",5
"1126692","competence-bias","pity.target",3
"1131087","equal","envy.target",4
"1131087","equal","pity.target",4
"1138020","equal","pity.target",7
"1138020","equal","envy.target",6
"1144986","warmth-bias","envy.target",3
"1144986","warmth-bias","pity.target",5
"1167995","warmth-bias","envy.target",5
"1167995","warmth-bias","pity.target",5
"1170416","equal","envy.target",4
"1170416","equal","pity.target",4
"1176647","equal","envy.target",7
"1176647","equal","pity.target",7
"1186930","competence-bias","envy.target",6
"1186930","competence-bias","pity.target",5
"1189303","competence-bias","pity.target",7
"1189303","competence-bias","envy.target",6
"1192106","competence-bias","envy.target",5
"1192106","competence-bias","pity.target",4
"1200070","equal","pity.target",5
"1200070","equal","envy.target",5
"1223440","competence-bias","pity.target",5
"1223440","competence-bias","envy.target",5
"1226527","equal","envy.target",7
"1226527","equal","pity.target",2
"1242595","competence-bias","pity.target",5
"1242595","competence-bias","envy.target",5
"1252301","equal","envy.target",3
"1252301","equal","pity.target",6
"1256111","competence-bias","envy.target",6
"1256111","competence-bias","pity.target",6
"1285318","equal","envy.target",4
"1285318","equal","pity.target",5
"1293148","competence-bias","envy.target",7
"1293148","competence-bias","pity.target",3
"1303332","equal","pity.target",5
"1303332","equal","envy.target",6
"1312072","warmth-bias","pity.target",5
"1312072","warmth-bias","envy.target",5
"1330899","equal","pity.target",6
"1330899","equal","envy.target",6
"1334808","competence-bias","pity.target",6
"1334808","competence-bias","envy.target",5
"1357662","competence-bias","pity.target",5
"1357662","competence-bias","envy.target",6
"1371067","equal","pity.target",5
"1371067","equal","envy.target",5
"1374847","warmth-bias","envy.target",2
"1374847","warmth-bias","pity.target",7
"1388551","equal","pity.target",6
"1388551","equal","envy.target",7
"1394800","competence-bias","envy.target",5
"1394800","competence-bias","pity.target",3
"1409572","competence-bias","envy.target",7
"1409572","competence-bias","pity.target",5
"1409665","competence-bias","envy.target",7
"1409665","competence-bias","pity.target",7
"1415125","equal","pity.target",7
"1415125","equal","envy.target",7
"1465505","warmth-bias","pity.target",4
"1465505","warmth-bias","envy.target",6
"1467117","competence-bias","pity.target",7
"1467117","competence-bias","envy.target",6
"1468424","warmth-bias","envy.target",7
"1468424","warmth-bias","pity.target",7
"1475143","equal","envy.target",7
"1475143","equal","pity.target",2
"1497552","competence-bias","pity.target",7
"1497552","competence-bias","envy.target",4
"1503286","warmth-bias","pity.target",7
"1503286","warmth-bias","envy.target",7
"1504440","equal","pity.target",4
"1504440","equal","envy.target",5
"1526007","warmth-bias","envy.target",6
"1526007","warmth-bias","pity.target",6
"1541762","warmth-bias","envy.target",6
"1541762","warmth-bias","pity.target",3
"1543545","warmth-bias","envy.target",5
"1543545","warmth-bias","pity.target",4
"1554238","warmth-bias","pity.target",6
"1554238","warmth-bias","envy.target",5
"1560823","equal","envy.target",3
"1560823","equal","pity.target",6
"1581141","competence-bias","envy.target",5
"1581141","competence-bias","pity.target",3
"1590435","warmth-bias","envy.target",5
"1590435","warmth-bias","pity.target",6
"1596867","equal","envy.target",5
"1596867","equal","pity.target",3
"1621690","warmth-bias","envy.target",6
"1621690","warmth-bias","pity.target",3
"1628213","competence-bias","pity.target",6
"1628213","competence-bias","envy.target",5
"1632978","warmth-bias","pity.target",5
"1632978","warmth-bias","envy.target",7
"1642696","equal","pity.target",6
"1642696","equal","envy.target",4
"1659092","warmth-bias","envy.target",6
"1659092","warmth-bias","pity.target",5
"1662690","warmth-bias","envy.target",7
"1662690","warmth-bias","pity.target",7
"1675058","competence-bias","pity.target",3
"1675058","competence-bias","envy.target",4
"1675886","equal","pity.target",6
"1675886","equal","envy.target",7
"1681002","equal","pity.target",7
"1681002","equal","envy.target",7
"1689201","competence-bias","pity.target",4
"1689201","competence-bias","envy.target",5
"1698789","equal","envy.target",7
"1698789","equal","pity.target",3
"1701812","competence-bias","envy.target",6
"1701812","competence-bias","pity.target",4
"1703725","equal","envy.target",5
"1703725","equal","pity.target",5
"1707628","equal","pity.target",6
"1707628","equal","envy.target",7
"1725802","equal","pity.target",5
"1725802","equal","envy.target",7
"1727426","equal","envy.target",5
"1727426","equal","pity.target",5
"1734585","equal","pity.target",5
"1734585","equal","envy.target",4
"1734824","competence-bias","envy.target",7
"1734824","competence-bias","pity.target",5
"1735200","warmth-bias","envy.target",4
"1735200","warmth-bias","pity.target",5
"1738207","competence-bias","envy.target",5
"1738207","competence-bias","pity.target",5
"1739987","warmth-bias","pity.target",6
"1739987","warmth-bias","envy.target",2
"1742394","competence-bias","pity.target",5
"1742394","competence-bias","envy.target",5
"1745869","competence-bias","pity.target",5
"1745869","competence-bias","envy.target",7
"1753436","warmth-bias","pity.target",4
"1753436","warmth-bias","envy.target",6
"1763110","equal","pity.target",6
"1763110","equal","envy.target",4
"1765670","warmth-bias","pity.target",6
"1765670","warmth-bias","envy.target",6
"1770698","competence-bias","pity.target",4
"1770698","competence-bias","envy.target",6
"1784294","warmth-bias","envy.target",5
"1784294","warmth-bias","pity.target",4
"1793456","equal","pity.target",6
"1793456","equal","envy.target",5
"1797228","equal","pity.target",6
"1797228","equal","envy.target",4
"1797524","warmth-bias","pity.target",5
"1797524","warmth-bias","envy.target",6
"1802040","competence-bias","envy.target",6
"1802040","competence-bias","pity.target",6
"1824609","equal","envy.target",7
"1824609","equal","pity.target",3
"1828748","competence-bias","pity.target",4
"1828748","competence-bias","envy.target",6
"1836945","warmth-bias","envy.target",5
"1836945","warmth-bias","pity.target",6
"1847539","competence-bias","envy.target",6
"1847539","competence-bias","pity.target",3
"1850167","warmth-bias","envy.target",5
"1850167","warmth-bias","pity.target",4
"1850490","equal","pity.target",4
"1850490","equal","envy.target",4
"1875448","competence-bias","envy.target",5
"1875448","competence-bias","pity.target",5
"1875750","competence-bias","envy.target",7
"1875750","competence-bias","pity.target",3
"1888095","warmth-bias","envy.target",7
"1888095","warmth-bias","pity.target",7
"1895535","equal","envy.target",3
"1895535","equal","pity.target",4
"1895904","equal","envy.target",6
"1895904","equal","pity.target",6
"1897454","competence-bias","pity.target",5
"1897454","competence-bias","envy.target",4
"1907243","competence-bias","envy.target",5
"1907243","competence-bias","pity.target",4
"1912891","warmth-bias","envy.target",6
"1912891","warmth-bias","pity.target",5
"1913223","equal","pity.target",4
"1913223","equal","envy.target",4
"1914034","warmth-bias","envy.target",6
"1914034","warmth-bias","pity.target",7
"1915104","warmth-bias","envy.target",6
"1915104","warmth-bias","pity.target",4
"1915406","equal","pity.target",6
"1915406","equal","envy.target",5
"1949579","competence-bias","envy.target",4
"1949579","competence-bias","pity.target",4
"1971483","competence-bias","envy.target",7
"1971483","competence-bias","pity.target",6
"1978468","equal","pity.target",6
"1978468","equal","envy.target",6
"1979778","warmth-bias","envy.target",7
"1979778","warmth-bias","pity.target",3
"1987046","warmth-bias","pity.target",6
"1987046","warmth-bias","envy.target",5
"2009118","competence-bias","envy.target",6
"2009118","competence-bias","pity.target",5
"2009789","warmth-bias","envy.target",4
"2009789","warmth-bias","pity.target",6
"2053669","warmth-bias","pity.target",5
"2053669","warmth-bias","envy.target",6
"2066008","competence-bias","envy.target",6
"2066008","competence-bias","pity.target",6
"2069621","equal","pity.target",5
"2069621","equal","envy.target",6
"2076149","warmth-bias","pity.target",7
"2076149","warmth-bias","envy.target",7
"2079021","competence-bias","pity.target",7
"2079021","competence-bias","envy.target",7
"2080529","competence-bias","envy.target",7
"2080529","competence-bias","pity.target",7
"2097713","equal","envy.target",3
"2097713","equal","pity.target",3
"2100853","warmth-bias","envy.target",7
"2100853","warmth-bias","pity.target",6
"2104921","competence-bias","pity.target",6
"2104921","competence-bias","envy.target",7
"2116078","equal","envy.target",3
"2116078","equal","pity.target",7
"2131387","warmth-bias","envy.target",3
"2131387","warmth-bias","pity.target",3
"2166251","competence-bias","envy.target",5
"2166251","competence-bias","pity.target",5
"2171666","warmth-bias","envy.target",7
"2171666","warmth-bias","pity.target",7
"2182868","competence-bias","pity.target",1
"2182868","competence-bias","envy.target",7
"2200226","competence-bias","envy.target",6
"2200226","competence-bias","pity.target",6
"2206254","warmth-bias","envy.target",6
"2206254","warmth-bias","pity.target",4
"2221547","competence-bias","envy.target",6
"2221547","competence-bias","pity.target",5
"2239126","warmth-bias","pity.target",5
"2239126","warmth-bias","envy.target",5
"2240919","equal","pity.target",4
"2240919","equal","envy.target",4
"2246436","equal","envy.target",7
"2246436","equal","pity.target",7
"2271229","competence-bias","envy.target",6
"2271229","competence-bias","pity.target",3
"2272390","warmth-bias","pity.target",6
"2272390","warmth-bias","envy.target",6
"2274485","equal","pity.target",6
"2274485","equal","envy.target",3
"2283947","competence-bias","envy.target",6
"2283947","competence-bias","pity.target",6
"2287159","equal","envy.target",4
"2287159","equal","pity.target",4
"2297384","warmth-bias","envy.target",6
"2297384","warmth-bias","pity.target",6
"2311632","equal","pity.target",5
"2311632","equal","envy.target",5
"2321035","competence-bias","pity.target",5
"2321035","competence-bias","envy.target",6
"2328520","competence-bias","pity.target",5
"2328520","competence-bias","envy.target",7
"2342783","equal","pity.target",7
"2342783","equal","envy.target",7
"2361061","competence-bias","envy.target",3
"2361061","competence-bias","pity.target",5
"2375518","competence-bias","pity.target",5
"2375518","competence-bias","envy.target",3
"2378398","warmth-bias","pity.target",6
"2378398","warmth-bias","envy.target",5
"2387216","warmth-bias","envy.target",5
"2387216","warmth-bias","pity.target",4
"2399515","warmth-bias","pity.target",3
"2399515","warmth-bias","envy.target",7
"2405293","equal","envy.target",7
"2405293","equal","pity.target",6
"2406716","warmth-bias","pity.target",2
"2406716","warmth-bias","envy.target",6
"2425139","warmth-bias","envy.target",6
"2425139","warmth-bias","pity.target",5
"2426241","equal","pity.target",5
"2426241","equal","envy.target",6
"2426402","competence-bias","pity.target",7
"2426402","competence-bias","envy.target",4
"2427067","competence-bias","envy.target",5
"2427067","competence-bias","pity.target",6
"2431851","competence-bias","pity.target",5
"2431851","competence-bias","envy.target",6
"2432153","equal","envy.target",7
"2432153","equal","pity.target",5
"2434704","competence-bias","pity.target",4
"2434704","competence-bias","envy.target",4
"2448937","equal","pity.target",5
"2448937","equal","envy.target",6
"2456075","competence-bias","envy.target",5
"2456075","competence-bias","pity.target",5
"2457893","equal","envy.target",6
"2457893","equal","pity.target",7
"2457955","equal","envy.target",7
"2457955","equal","pity.target",7
"2460287","equal","envy.target",7
"2460287","equal","pity.target",7
"2461273","competence-bias","envy.target",7
"2461273","competence-bias","pity.target",5
"2487406","competence-bias","pity.target",6
"2487406","competence-bias","envy.target",4
"2499401","warmth-bias","pity.target",5
"2499401","warmth-bias","envy.target",6
"2504942","warmth-bias","pity.target",5
"2504942","warmth-bias","envy.target",6
"2522098","warmth-bias","envy.target",7
"2522098","warmth-bias","pity.target",7
"2522126","competence-bias","pity.target",5
"2522126","competence-bias","envy.target",5
"2526800","equal","pity.target",4
"2526800","equal","envy.target",5
"2559384","warmth-bias","envy.target",6
"2559384","warmth-bias","pity.target",7
"2567287","warmth-bias","pity.target",7
"2567287","warmth-bias","envy.target",7
"2584881","equal","envy.target",6
"2584881","equal","pity.target",5
"2588525","warmth-bias","envy.target",5
"2588525","warmth-bias","pity.target",6
"2595658","equal","envy.target",5
"2595658","equal","pity.target",3
"2605581","warmth-bias","pity.target",5
"2605581","warmth-bias","envy.target",6
"2610170","warmth-bias","pity.target",5
"2614326","competence-bias","pity.target",6
"2614326","competence-bias","envy.target",6
"2625140","competence-bias","envy.target",5
"2625140","competence-bias","pity.target",3
"2629574","warmth-bias","envy.target",4
"2629574","warmth-bias","pity.target",5
"2636957","equal","envy.target",6
"2636957","equal","pity.target",6
"2638043","warmth-bias","pity.target",7
"2638043","warmth-bias","envy.target",6
"2642839","competence-bias","pity.target",5
"2642839","competence-bias","envy.target",6
"2687868","equal","pity.target",6
"2687868","equal","envy.target",6
"2689615","competence-bias","envy.target",6
"2689615","competence-bias","pity.target",3
"2690574","warmth-bias","pity.target",5
"2690574","warmth-bias","envy.target",7
"2697225","competence-bias","pity.target",5
"2697225","competence-bias","envy.target",7
"2704054","equal","envy.target",6
"2704054","equal","pity.target",4
"2706544","competence-bias","pity.target",7
"2706544","competence-bias","envy.target",7
"2717960","competence-bias","envy.target",6
"2717960","competence-bias","pity.target",6
"2724492","competence-bias","envy.target",6
"2724492","competence-bias","pity.target",5
"2727183","competence-bias","envy.target",7
"2727183","competence-bias","pity.target",5
"2729617","equal","envy.target",6
"2729617","equal","pity.target",5
"2737961","equal","envy.target",3
"2737961","equal","pity.target",3
"2745757","warmth-bias","envy.target",5
"2745757","warmth-bias","pity.target",5
"2765046","equal","pity.target",3
"2765046","equal","envy.target",5
"2765485","warmth-bias","envy.target",6
"2765485","warmth-bias","pity.target",3
"2766042","competence-bias","pity.target",2
"2766042","competence-bias","envy.target",5
"2768365","equal","envy.target",7
"2768365","equal","pity.target",3
"2771194","warmth-bias","envy.target",5
"2771194","warmth-bias","pity.target",6
"2785687","warmth-bias","pity.target",5
"2785687","warmth-bias","envy.target",6
"2798467","competence-bias","pity.target",5
"2798467","competence-bias","envy.target",6
"2805719","equal","pity.target",5
"2805719","equal","envy.target",5
"2822611","competence-bias","pity.target",6
"2822611","competence-bias","envy.target",6
"2841457","competence-bias","envy.target",7
"2841457","competence-bias","pity.target",4
"2847314","competence-bias","envy.target",5
"2847314","competence-bias","pity.target",5
"2848630","competence-bias","envy.target",7
"2848630","competence-bias","pity.target",7
"2862893","warmth-bias","pity.target",6
"2862893","warmth-bias","envy.target",7
"2873173","competence-bias","pity.target",5
"2873173","competence-bias","envy.target",7
"2878736","competence-bias","pity.target",4
"2878736","competence-bias","envy.target",5
"2879151","competence-bias","envy.target",6
"2879151","competence-bias","pity.target",7
"2891378","competence-bias","envy.target",6
"2891615","warmth-bias","envy.target",6
"2891615","warmth-bias","pity.target",6
"2892694","equal","envy.target",5
"2892694","equal","pity.target",6
"2895063","warmth-bias","envy.target",6
"2895063","warmth-bias","pity.target",6
"2905487","warmth-bias","pity.target",2
"2905487","warmth-bias","envy.target",3
"2906920","equal","pity.target",6
"2906920","equal","envy.target",7
"2912376","equal","envy.target",7
"2912376","equal","pity.target",3
"2914938","equal","envy.target",3
"2914938","equal","pity.target",5
"2915745","warmth-bias","envy.target",7
"2915745","warmth-bias","pity.target",6
"2932147","competence-bias","pity.target",6
"2932147","competence-bias","envy.target",3
"2943271","warmth-bias","pity.target",7
"2943271","warmth-bias","envy.target",6
"2954010","warmth-bias","envy.target",6
"2954010","warmth-bias","pity.target",4
"2966589","equal","pity.target",2
"2966589","equal","envy.target",5
"2970867","competence-bias","envy.target",5
"2970867","competence-bias","pity.target",5
"2981301","equal","pity.target",6
"2981301","equal","envy.target",5
"2996502","competence-bias","pity.target",7
"2996502","competence-bias","envy.target",6
"3019716","competence-bias","pity.target",5
"3019716","competence-bias","envy.target",6
"3020654","competence-bias","pity.target",5
"3020654","competence-bias","envy.target",7
"3022860","competence-bias","pity.target",7
"3022860","competence-bias","envy.target",7
"3025641","warmth-bias","envy.target",6
"3025641","warmth-bias","pity.target",5
"3029059","warmth-bias","envy.target",6
"3029059","warmth-bias","pity.target",7
"3035876","competence-bias","envy.target",6
"3035876","competence-bias","pity.target",5
"3039524","warmth-bias","envy.target",6
"3039524","warmth-bias","pity.target",3
"3045088","competence-bias","envy.target",5
"3045088","competence-bias","pity.target",5
"3046787","competence-bias","envy.target",5
"3046787","competence-bias","pity.target",5
"3051862","equal","pity.target",5
"3051862","equal","envy.target",7
"3057395","equal","pity.target",5
"3057395","equal","envy.target",2
"3060060","equal","envy.target",7
"3060060","equal","pity.target",5
"3073488","equal","pity.target",2
"3073488","equal","envy.target",6
"3081369","warmth-bias","envy.target",7
"3081369","warmth-bias","pity.target",4
"3082709","warmth-bias","pity.target",5
"3082709","warmth-bias","envy.target",4
"3086636","competence-bias","envy.target",6
"3086636","competence-bias","pity.target",5
"3097203","competence-bias","pity.target",6
"3097203","competence-bias","envy.target",6
"3112637","warmth-bias","envy.target",6
"3112637","warmth-bias","pity.target",5
"3115379","warmth-bias","envy.target",5
"3115379","warmth-bias","pity.target",3
"3117823","equal","envy.target",6
"3117823","equal","pity.target",6
"3122257","warmth-bias","pity.target",5
"3122257","warmth-bias","envy.target",6
"3136481","competence-bias","envy.target",3
"3136481","competence-bias","pity.target",5
"3153991","competence-bias","envy.target",6
"3153991","competence-bias","pity.target",7
"3155216","equal","pity.target",7
"3155216","equal","envy.target",3
"3169728","warmth-bias","envy.target",7
"3169728","warmth-bias","pity.target",5
"3175195","competence-bias","pity.target",4
"3175195","competence-bias","envy.target",6
"3176488","warmth-bias","envy.target",4
"3176488","warmth-bias","pity.target",4
"3193181","equal","envy.target",5
"3193181","equal","pity.target",6
"3204582","competence-bias","pity.target",4
"3204582","competence-bias","envy.target",6
"3206983","warmth-bias","envy.target",5
"3206983","warmth-bias","pity.target",3
"3214583","competence-bias","envy.target",5
"3214583","competence-bias","pity.target",6
"3233612","equal","envy.target",4
"3233612","equal","pity.target",2
"3257256","competence-bias","envy.target",6
"3257256","competence-bias","pity.target",2
"3268222","competence-bias","envy.target",6
"3268222","competence-bias","pity.target",7
"3270689","equal","envy.target",5
"3270689","equal","pity.target",6
"3276076","warmth-bias","pity.target",7
"3276076","warmth-bias","envy.target",6
"3276467","equal","pity.target",6
"3276467","equal","envy.target",5
"3280753","warmth-bias","envy.target",6
"3280753","warmth-bias","pity.target",5
"3280990","equal","pity.target",5
"3280990","equal","envy.target",6
"3285434","competence-bias","envy.target",5
"3285434","competence-bias","pity.target",6
"3294599","equal","envy.target",5
"3294599","equal","pity.target",5
"3301548","equal","pity.target",2
"3301548","equal","envy.target",5
"3310000","equal","pity.target",5
"3310000","equal","envy.target",6
"3310477","competence-bias","pity.target",4
"3310477","competence-bias","envy.target",7
"3310750","equal","envy.target",5
"3310750","equal","pity.target",5
"3328202","equal","envy.target",6
"3328202","equal","pity.target",3
"3339804","warmth-bias","envy.target",5
"3339804","warmth-bias","pity.target",3
"3347068","equal","pity.target",5
"3347068","equal","envy.target",4
"3349658","warmth-bias","envy.target",5
"3349658","warmth-bias","pity.target",5
"3351293","equal","pity.target",6
"3351293","equal","envy.target",7
"3358993","competence-bias","pity.target",6
"3358993","competence-bias","envy.target",7
"3365654","equal","pity.target",6
"3365654","equal","envy.target",5
"3368985","competence-bias","envy.target",5
"3368985","competence-bias","pity.target",5
"3383396","warmth-bias","envy.target",5
"3383396","warmth-bias","pity.target",5
"3393134","equal","pity.target",5
"3393134","equal","envy.target",4
"3393152","warmth-bias","envy.target",6
"3393152","warmth-bias","pity.target",6
"3394080","competence-bias","envy.target",6
"3394080","competence-bias","pity.target",7
"3416771","competence-bias","pity.target",7
"3416771","competence-bias","envy.target",6
"3437032","competence-bias","envy.target",7
"3437032","competence-bias","pity.target",7
"3439117","equal","pity.target",3
"3439117","equal","envy.target",5
"3444599","equal","envy.target",7
"3444599","equal","pity.target",7
"3460959","equal","envy.target",7
"3460959","equal","pity.target",3
"3469213","equal","envy.target",6
"3469213","equal","pity.target",6
"3524118","warmth-bias","envy.target",5
"3524118","warmth-bias","pity.target",4
"3524478","competence-bias","envy.target",7
"3524478","competence-bias","pity.target",2
"3552753","warmth-bias","envy.target",7
"3552753","warmth-bias","pity.target",7
"3580236","warmth-bias","pity.target",3
"3580236","warmth-bias","envy.target",6
"3603196","competence-bias","pity.target",4
"3603196","competence-bias","envy.target",7
"3618386","competence-bias","envy.target",7
"3618386","competence-bias","pity.target",2
"3641992","warmth-bias","envy.target",7
"3641992","warmth-bias","pity.target",5
"3650972","equal","envy.target",3
"3650972","equal","pity.target",5
"3668422","equal","pity.target",7
"3668422","equal","envy.target",6
"3677860","equal","pity.target",3
"3677860","equal","envy.target",6
"3678158","competence-bias","pity.target",6
"3678158","competence-bias","envy.target",5
"3678466","equal","envy.target",5
"3678466","equal","pity.target",5
"3682713","competence-bias","pity.target",7
"3682713","competence-bias","envy.target",7
"3700734","warmth-bias","envy.target",5
"3700734","warmth-bias","pity.target",3
"3704151","warmth-bias","envy.target",7
"3704151","warmth-bias","pity.target",6
"3708129","warmth-bias","pity.target",7
"3708129","warmth-bias","envy.target",6
"3713226","equal","pity.target",6
"3713226","equal","envy.target",4
"3720274","equal","envy.target",6
"3720274","equal","pity.target",4
"3726459","equal","pity.target",3
"3726459","equal","envy.target",5
"3742878","equal","pity.target",6
"3742878","equal","envy.target",3
"3743747","competence-bias","pity.target",6
"3743747","competence-bias","envy.target",7
"3782950","warmth-bias","envy.target",5
"3782950","warmth-bias","pity.target",7
"3785294","competence-bias","envy.target",5
"3785294","competence-bias","pity.target",4
"3800598","warmth-bias","envy.target",7
"3800598","warmth-bias","pity.target",5
"3812612","competence-bias","pity.target",5
"3812612","competence-bias","envy.target",6
"3818843","competence-bias","pity.target",5
"3818843","competence-bias","envy.target",5
"3846329","competence-bias","envy.target",6
"3846329","competence-bias","pity.target",3
"3848805","competence-bias","envy.target",5
"3848805","competence-bias","pity.target",3
"3872601","warmth-bias","pity.target",5
"3872601","warmth-bias","envy.target",6
"3873650","equal","pity.target",6
"3873650","equal","envy.target",6
"3887285","equal","envy.target",7
"3887285","equal","pity.target",5
"3889912","equal","envy.target",7
"3889912","equal","pity.target",4
"3904594","competence-bias","pity.target",4
"3904594","competence-bias","envy.target",5
"3920846","competence-bias","pity.target",5
"3920846","competence-bias","envy.target",6
"3925471","competence-bias","pity.target",7
"3925471","competence-bias","envy.target",7
"3937413","warmth-bias","pity.target",5
"3937413","warmth-bias","envy.target",6
"3941037","competence-bias","envy.target",6
"3941037","competence-bias","pity.target",6
"3945922","warmth-bias","envy.target",6
"3945922","warmth-bias","pity.target",4
"3962734","competence-bias","envy.target",7
"3962734","competence-bias","pity.target",5
"3967185","competence-bias","pity.target",3
"3967185","competence-bias","envy.target",4
"3989006","equal","envy.target",6
"3989006","equal","pity.target",7
"3999298","warmth-bias","envy.target",7
"3999298","warmth-bias","pity.target",7
"3999382","equal","envy.target",6
"3999382","equal","pity.target",4
"4021924","warmth-bias","envy.target",5
"4021924","warmth-bias","pity.target",6
"4022936","equal","pity.target",6
"4022936","equal","envy.target",5
"4030383","warmth-bias","pity.target",6
"4030383","warmth-bias","envy.target",3
"4035368","competence-bias","pity.target",5
"4035368","competence-bias","envy.target",4
"4035681","competence-bias","pity.target",6
"4035681","competence-bias","envy.target",6
"4040494","equal","envy.target",6
"4040494","equal","pity.target",6
"4045600","equal","pity.target",5
"4045600","equal","envy.target",5
"4050446","warmth-bias","envy.target",5
"4050446","warmth-bias","pity.target",5
"4051524","competence-bias","pity.target",3
"4051524","competence-bias","envy.target",5
"4052907","competence-bias","envy.target",6
"4052907","competence-bias","pity.target",6
"4059680","competence-bias","pity.target",5
"4059680","competence-bias","envy.target",6
"4066193","competence-bias","pity.target",5
"4066193","competence-bias","envy.target",6
"4078915","competence-bias","pity.target",6
"4078915","competence-bias","envy.target",4
"4082712","equal","pity.target",6
"4082712","equal","envy.target",6
"4085447","warmth-bias","envy.target",4
"4085447","warmth-bias","pity.target",7
"4100291","equal","pity.target",6
"4100291","equal","envy.target",6
"4102169","warmth-bias","envy.target",5
"4102169","warmth-bias","pity.target",6
"4105709","warmth-bias","pity.target",6
"4105709","warmth-bias","envy.target",3
"4108003","equal","envy.target",7
"4108003","equal","pity.target",2
"4114794","equal","envy.target",5
"4114794","equal","pity.target",4
"4118238","equal","envy.target",7
"4118238","equal","pity.target",7
"4125026","competence-bias","envy.target",6
"4125026","competence-bias","pity.target",6
"4148991","competence-bias","pity.target",5
"4148991","competence-bias","envy.target",5
"4162665","competence-bias","pity.target",4
"4162665","competence-bias","envy.target",4
"4163790","competence-bias","envy.target",7
"4163790","competence-bias","pity.target",7
"4206802","competence-bias","envy.target",7
"4206802","competence-bias","pity.target",7
"4215309","equal","envy.target",7
"4215309","equal","pity.target",7
"4222914","equal","envy.target",6
"4222914","equal","pity.target",4
"4223359","competence-bias","pity.target",2
"4223359","competence-bias","envy.target",7
"4226514","warmth-bias","pity.target",5
"4226514","warmth-bias","envy.target",6
"4230944","equal","envy.target",7
"4230944","equal","pity.target",7
"4253840","equal","envy.target",4
"4253840","equal","pity.target",5
"4254786","competence-bias","envy.target",7
"4254786","competence-bias","pity.target",2
"4275963","competence-bias","envy.target",6
"4275963","competence-bias","pity.target",5
"4288607","warmth-bias","envy.target",7
"4288607","warmth-bias","pity.target",7
"4295530","warmth-bias","envy.target",7
"4295530","warmth-bias","pity.target",6
"4300240","competence-bias","pity.target",5
"4300240","competence-bias","envy.target",3
"4300518","equal","pity.target",5
"4300518","equal","envy.target",6
"4315520","equal","pity.target",6
"4315520","equal","envy.target",5
"4324994","equal","pity.target",5
"4324994","equal","envy.target",5
"4329309","competence-bias","envy.target",6
"4329309","competence-bias","pity.target",5
"4329718","competence-bias","envy.target",7
"4329718","competence-bias","pity.target",1
"4330056","equal","envy.target",6
"4330056","equal","pity.target",5
"4330553","equal","pity.target",6
"4330553","equal","envy.target",6
"4330870","competence-bias","envy.target",5
"4330870","competence-bias","pity.target",3
"4338078","competence-bias","envy.target",7
"4338078","competence-bias","pity.target",5
"4344263","warmth-bias","pity.target",7
"4344263","warmth-bias","envy.target",7
"4361603","competence-bias","envy.target",6
"4361603","competence-bias","pity.target",4
"4376055","equal","pity.target",6
"4376055","equal","envy.target",5
"4378443","warmth-bias","envy.target",5
"4378443","warmth-bias","pity.target",5
"4382015","competence-bias","pity.target",5
"4382015","competence-bias","envy.target",6
"4394653","competence-bias","envy.target",6
"4394653","competence-bias","pity.target",4
"4396800","warmth-bias","pity.target",3
"4396800","warmth-bias","envy.target",6
"4397757","warmth-bias","envy.target",7
"4397757","warmth-bias","pity.target",3
"4445573","warmth-bias","pity.target",6
"4445573","warmth-bias","envy.target",5
"4452554","warmth-bias","pity.target",5
"4452554","warmth-bias","envy.target",6
"4452618","competence-bias","pity.target",6
"4452618","competence-bias","envy.target",5
"4459038","equal","pity.target",7
"4459038","equal","envy.target",7
"4460625","competence-bias","envy.target",7
"4460625","competence-bias","pity.target",3
"4461663","warmth-bias","envy.target",6
"4461663","warmth-bias","pity.target",6
"4469143","competence-bias","envy.target",4
"4469143","competence-bias","pity.target",4
"4469479","equal","pity.target",6
"4469479","equal","envy.target",6
"4474968","warmth-bias","pity.target",4
"4474968","warmth-bias","envy.target",5
"4482953","equal","pity.target",3
"4482953","equal","envy.target",5
"4486003","competence-bias","envy.target",6
"4486003","competence-bias","pity.target",5
"4517133","equal","pity.target",3
"4517133","equal","envy.target",6
"4519181","equal","pity.target",6
"4519181","equal","envy.target",5
"4525713","warmth-bias","envy.target",6
"4525713","warmth-bias","pity.target",6
"4547984","warmth-bias","envy.target",2
"4547984","warmth-bias","pity.target",3
"4549740","equal","pity.target",5
"4549740","equal","envy.target",7
"4561701","equal","envy.target",6
"4561701","equal","pity.target",5
"4581315","competence-bias","envy.target",7
"4581315","competence-bias","pity.target",5
"4593020","equal","envy.target",5
"4593020","equal","pity.target",6
"4608862","competence-bias","pity.target",7
"4608862","competence-bias","envy.target",4
"4614736","equal","pity.target",4
"4614736","equal","envy.target",5
"4615024","warmth-bias","pity.target",4
"4615024","warmth-bias","envy.target",4
"4617113","warmth-bias","envy.target",6
"4617113","warmth-bias","pity.target",3
"4619440","equal","pity.target",4
"4619440","equal","envy.target",7
"4631097","competence-bias","pity.target",3
"4631097","competence-bias","envy.target",6
"4638513","equal","pity.target",3
"4638513","equal","envy.target",6
"4650620","equal","pity.target",4
"4650620","equal","envy.target",7
"4652233","equal","pity.target",5
"4652233","equal","envy.target",6
"4655779","competence-bias","envy.target",4
"4655779","competence-bias","pity.target",6
"4656369","equal","pity.target",6
"4656369","equal","envy.target",6
"4689708","equal","pity.target",4
"4689708","equal","envy.target",7
"4691958","warmth-bias","pity.target",6
"4691958","warmth-bias","envy.target",6
"4703188","equal","pity.target",5
"4703188","equal","envy.target",3
"4704323","warmth-bias","pity.target",5
"4704323","warmth-bias","envy.target",7
"4716590","competence-bias","pity.target",2
"4716590","competence-bias","envy.target",6
"4727467","warmth-bias","envy.target",5
"4727467","warmth-bias","pity.target",7
"4729108","warmth-bias","pity.target",5
"4729108","warmth-bias","envy.target",5
"4733632","equal","pity.target",6
"4733632","equal","envy.target",4
"4736069","competence-bias","envy.target",6
"4736069","competence-bias","pity.target",7
"4742373","equal","envy.target",5
"4742373","equal","pity.target",6
"4771384","competence-bias","pity.target",6
"4771384","competence-bias","envy.target",6
"4775458","equal","envy.target",6
"4775458","equal","pity.target",5
"4796655","competence-bias","pity.target",5
"4796655","competence-bias","envy.target",6
"4801861","warmth-bias","pity.target",5
"4801861","warmth-bias","envy.target",5
"4834754","equal","envy.target",6
"4834754","equal","pity.target",6
"4846086","equal","pity.target",4
"4846086","equal","envy.target",6
"4848620","equal","envy.target",4
"4848620","equal","pity.target",5
"4851474","equal","pity.target",6
"4851474","equal","envy.target",7
"4862676","warmth-bias","pity.target",4
"4862676","warmth-bias","envy.target",7
"4873470","competence-bias","envy.target",6
"4873470","competence-bias","pity.target",6
"4883508","equal","envy.target",5
"4883508","equal","pity.target",5
"4892137","warmth-bias","pity.target",5
"4892137","warmth-bias","envy.target",4
"4901192","competence-bias","pity.target",5
"4901192","competence-bias","envy.target",5
"4911506","warmth-bias","envy.target",5
"4911506","warmth-bias","pity.target",6
"4917080","equal","envy.target",6
"4917080","equal","pity.target",2
"4921314","competence-bias","envy.target",6
"4921314","competence-bias","pity.target",5
"4927683","equal","pity.target",5
"4927683","equal","envy.target",6
"4937828","warmth-bias","pity.target",5
"4937828","warmth-bias","envy.target",6
"4941297","equal","envy.target",5
"4941297","equal","pity.target",7
"4962995","equal","pity.target",6
"4962995","equal","envy.target",6
"4963956","competence-bias","pity.target",6
"4963956","competence-bias","envy.target",5
"4974074","competence-bias","pity.target",6
"4974074","competence-bias","envy.target",7
"4990116","equal","pity.target",6
"4990116","equal","envy.target",7
"4996568","competence-bias","envy.target",6
"4996568","competence-bias","pity.target",5
"5008799","equal","pity.target",6
"5008799","equal","envy.target",2
"5015476","warmth-bias","pity.target",7
"5015476","warmth-bias","envy.target",6
"5025687","competence-bias","envy.target",5
"5025687","competence-bias","pity.target",6
"5032718","warmth-bias","pity.target",5
"5032718","warmth-bias","envy.target",5
"5041160","warmth-bias","envy.target",6
"5041160","warmth-bias","pity.target",5
"5044904","competence-bias","pity.target",6
"5044904","competence-bias","envy.target",5
"5056265","competence-bias","pity.target",7
"5056265","competence-bias","envy.target",6
"5058691","equal","envy.target",6
"5058691","equal","pity.target",6
"5067739","warmth-bias","envy.target",3
"5067739","warmth-bias","pity.target",3
"5075593","warmth-bias","envy.target",1
"5075593","warmth-bias","pity.target",7
"5103576","equal","envy.target",6
"5103576","equal","pity.target",3
"5107300","warmth-bias","envy.target",5
"5107300","warmth-bias","pity.target",6
"5112662","competence-bias","pity.target",5
"5112662","competence-bias","envy.target",7
"5121974","equal","envy.target",4
"5121974","equal","pity.target",6
"5124628","warmth-bias","envy.target",5
"5124628","warmth-bias","pity.target",5
"5131042","competence-bias","envy.target",7
"5131042","competence-bias","pity.target",7
"5148654","equal","pity.target",7
"5148654","equal","envy.target",7
"5151236","competence-bias","pity.target",6
"5151236","competence-bias","envy.target",5
"5153499","competence-bias","pity.target",7
"5153499","competence-bias","envy.target",7
"5172415","competence-bias","pity.target",1
"5172415","competence-bias","envy.target",7
"5179684","competence-bias","pity.target",6
"5179684","competence-bias","envy.target",7
"5181185","warmth-bias","pity.target",3
"5181185","warmth-bias","envy.target",6
"5184791","warmth-bias","pity.target",6
"5184791","warmth-bias","envy.target",7
"5187167","competence-bias","pity.target",7
"5187167","competence-bias","envy.target",7
"5188217","competence-bias","envy.target",5
"5188217","competence-bias","pity.target",4
"5188971","competence-bias","envy.target",6
"5188971","competence-bias","pity.target",2
"5190159","equal","envy.target",7
"5190159","equal","pity.target",3
"5197671","competence-bias","envy.target",6
"5197671","competence-bias","pity.target",5
"5201399","competence-bias","pity.target",5
"5201399","competence-bias","envy.target",5
"5203339","warmth-bias","envy.target",6
"5203339","warmth-bias","pity.target",7
"5217924","competence-bias","pity.target",5
"5217924","competence-bias","envy.target",5
"5225560","warmth-bias","envy.target",5
"5225560","warmth-bias","pity.target",4
"5231424","competence-bias","pity.target",5
"5231424","competence-bias","envy.target",6
"5232871","warmth-bias","pity.target",6
"5232871","warmth-bias","envy.target",3
"5241155","competence-bias","pity.target",6
"5241155","competence-bias","envy.target",5
"5249046","competence-bias","envy.target",5
"5249046","competence-bias","pity.target",5
"5251947","competence-bias","envy.target",6
"5251947","competence-bias","pity.target",4
"5264916","warmth-bias","pity.target",5
"5264916","warmth-bias","envy.target",2
"5265156","competence-bias","envy.target",7
"5265156","competence-bias","pity.target",7
"5265749","competence-bias","pity.target",7
"5265749","competence-bias","envy.target",5
"5282357","warmth-bias","envy.target",5
"5282357","warmth-bias","pity.target",3
"5286634","equal","pity.target",5
"5286634","equal","envy.target",2
"5290581","competence-bias","envy.target",6
"5290581","competence-bias","pity.target",2
"5301342","equal","envy.target",5
"5301342","equal","pity.target",6
"5306629","equal","envy.target",6
"5306629","equal","pity.target",3
"5337207","equal","envy.target",3
"5337207","equal","pity.target",7
"5341685","equal","pity.target",7
"5341685","equal","envy.target",6
"5344007","equal","pity.target",6
"5344007","equal","envy.target",6
"5345642","warmth-bias","envy.target",5
"5345642","warmth-bias","pity.target",3
"5354304","competence-bias","envy.target",6
"5354304","competence-bias","pity.target",5
"5354534","competence-bias","envy.target",7
"5354534","competence-bias","pity.target",6
"5374085","warmth-bias","pity.target",5
"5374085","warmth-bias","envy.target",5
"5375311","competence-bias","envy.target",4
"5375311","competence-bias","pity.target",4
"5376868","equal","pity.target",6
"5376868","equal","envy.target",5
"5380378","competence-bias","pity.target",6
"5380378","competence-bias","envy.target",4
"5394433","warmth-bias","envy.target",6
"5394433","warmth-bias","pity.target",5
"5397685","equal","envy.target",5
"5397685","equal","pity.target",7
"5414862","equal","pity.target",7
"5414862","equal","envy.target",6
"5421810","equal","pity.target",6
"5421810","equal","envy.target",5
"5422312","warmth-bias","envy.target",4
"5422312","warmth-bias","pity.target",4
"5424248","warmth-bias","envy.target",6
"5424248","warmth-bias","pity.target",6
"5434685","warmth-bias","envy.target",5
"5434685","warmth-bias","pity.target",5
"5437796","warmth-bias","envy.target",6
"5437796","warmth-bias","pity.target",5
"5444736","warmth-bias","pity.target",5
"5444736","warmth-bias","envy.target",7
"5452833","warmth-bias","envy.target",6
"5452833","warmth-bias","pity.target",3
"5460336","equal","pity.target",6
"5460336","equal","envy.target",7
"5461538","competence-bias","pity.target",5
"5461538","competence-bias","envy.target",7
"5470940","competence-bias","envy.target",5
"5470940","competence-bias","pity.target",3
"5474294","competence-bias","envy.target",6
"5474294","competence-bias","pity.target",3
"5491491","warmth-bias","envy.target",4
"5491932","warmth-bias","pity.target",4
"5491932","warmth-bias","envy.target",3
"5506544","warmth-bias","pity.target",4
"5506544","warmth-bias","envy.target",6
"5510524","competence-bias","pity.target",7
"5510524","competence-bias","envy.target",7
"5513287","equal","envy.target",5
"5513287","equal","pity.target",7
"5518325","equal","envy.target",7
"5518325","equal","pity.target",5
"5519369","competence-bias","envy.target",7
"5519369","competence-bias","pity.target",7
"5521904","warmth-bias","envy.target",5
"5521904","warmth-bias","pity.target",3
"5538221","warmth-bias","pity.target",6
"5538221","warmth-bias","envy.target",6
"5542672","competence-bias","pity.target",7
"5542672","competence-bias","envy.target",7
"5551461","equal","envy.target",2
"5551461","equal","pity.target",6
"5591064","warmth-bias","pity.target",3
"5591064","warmth-bias","envy.target",7
"5601444","warmth-bias","envy.target",6
"5601444","warmth-bias","pity.target",6
"5625398","warmth-bias","pity.target",7
"5625398","warmth-bias","envy.target",7
"5625818","warmth-bias","envy.target",6
"5625818","warmth-bias","pity.target",3
"5629580","equal","pity.target",4
"5629580","equal","envy.target",5
"5638285","warmth-bias","pity.target",6
"5638285","warmth-bias","envy.target",4
"5638644","warmth-bias","envy.target",5
"5638644","warmth-bias","pity.target",6
"5657320","equal","envy.target",6
"5657320","equal","pity.target",5
"5662207","competence-bias","pity.target",5
"5662207","competence-bias","envy.target",6
"5675386","equal","pity.target",7
"5675386","equal","envy.target",5
"5686128","equal","envy.target",4
"5686128","equal","pity.target",5
"5700050","equal","pity.target",5
"5700050","equal","envy.target",7
"5704587","equal","envy.target",5
"5704587","equal","pity.target",5
"5705997","warmth-bias","envy.target",6
"5705997","warmth-bias","pity.target",5
"5710226","equal","envy.target",5
"5710226","equal","pity.target",7
"5716028","competence-bias","envy.target",6
"5716028","competence-bias","pity.target",5
"5718170","warmth-bias","pity.target",5
"5718170","warmth-bias","envy.target",3
"5726354","competence-bias","pity.target",6
"5726354","competence-bias","envy.target",3
"5727053","competence-bias","pity.target",4
"5727053","competence-bias","envy.target",2
"5736383","warmth-bias","envy.target",6
"5736383","warmth-bias","pity.target",4
"5753782","competence-bias","envy.target",7
"5753782","competence-bias","pity.target",3
"5771699","competence-bias","pity.target",5
"5771699","competence-bias","envy.target",7
"5783537","warmth-bias","envy.target",5
"5783537","warmth-bias","pity.target",4
"5784878","equal","pity.target",6
"5784878","equal","envy.target",7
"5786733","warmth-bias","envy.target",5
"5786733","warmth-bias","pity.target",7
"5792794","equal","envy.target",6
"5792794","equal","pity.target",5
"5814684","warmth-bias","pity.target",6
"5814684","warmth-bias","envy.target",7
"5815751","competence-bias","envy.target",5
"5815751","competence-bias","pity.target",5
"5824120","equal","pity.target",5
"5824120","equal","envy.target",6
"5832651","warmth-bias","pity.target",5
"5832651","warmth-bias","envy.target",6
"5865917","warmth-bias","pity.target",5
"5865917","warmth-bias","envy.target",6
"5868952","warmth-bias","pity.target",6
"5868952","warmth-bias","envy.target",5
"5881767","warmth-bias","envy.target",7
"5881767","warmth-bias","pity.target",5
"5897165","equal","pity.target",7
"5897165","equal","envy.target",6
"5902139","warmth-bias","pity.target",5
"5902139","warmth-bias","envy.target",6
"5902535","equal","envy.target",7
"5902535","equal","pity.target",5
"5917305","warmth-bias","pity.target",7
"5917305","warmth-bias","envy.target",7
"5918419","equal","envy.target",7
"5918419","equal","pity.target",7
"5924621","equal","pity.target",5
"5924621","equal","envy.target",7
"5928235","warmth-bias","envy.target",7
"5928235","warmth-bias","pity.target",4
"5930941","equal","pity.target",7
"5930941","equal","envy.target",6
"5938634","competence-bias","envy.target",6
"5938634","competence-bias","pity.target",3
"5949234","warmth-bias","pity.target",5
"5949234","warmth-bias","envy.target",6
"5957042","competence-bias","pity.target",5
"5957042","competence-bias","envy.target",6
"5968135","warmth-bias","pity.target",3
"5968135","warmth-bias","envy.target",5
"5981596","warmth-bias","pity.target",6
"5981596","warmth-bias","envy.target",4
"5990618","warmth-bias","envy.target",5
"5990618","warmth-bias","pity.target",6
"6001032","warmth-bias","envy.target",5
"6001032","warmth-bias","pity.target",5
"6009194","competence-bias","envy.target",6
"6009194","competence-bias","pity.target",3
"6011075","warmth-bias","envy.target",7
"6011075","warmth-bias","pity.target",7
"6011997","equal","pity.target",6
"6011997","equal","envy.target",4
"6012838","equal","envy.target",5
"6012838","equal","pity.target",6
"6022890","warmth-bias","pity.target",4
"6022890","warmth-bias","envy.target",5
"6037476","warmth-bias","envy.target",6
"6037476","warmth-bias","pity.target",4
"6054910","equal","pity.target",6
"6054910","equal","envy.target",5
"6058859","warmth-bias","envy.target",6
"6058859","warmth-bias","pity.target",7
"6065198","competence-bias","envy.target",5
"6065198","competence-bias","pity.target",6
"6074259","warmth-bias","pity.target",4
"6074259","warmth-bias","envy.target",7
"6078964","equal","envy.target",6
"6078964","equal","pity.target",5
"6088240","competence-bias","pity.target",6
"6088240","competence-bias","envy.target",5
"6088859","competence-bias","envy.target",5
"6088859","competence-bias","pity.target",3
"6102835","warmth-bias","pity.target",5
"6102835","warmth-bias","envy.target",6
"6106549","warmth-bias","envy.target",7
"6106549","warmth-bias","pity.target",5
"6120953","warmth-bias","pity.target",4
"6120953","warmth-bias","envy.target",5
"6134705","equal","envy.target",6
"6134705","equal","pity.target",6
"6155903","equal","envy.target",5
"6155903","equal","pity.target",6
"6161641","warmth-bias","pity.target",5
"6161641","warmth-bias","envy.target",5
"6167184","competence-bias","envy.target",5
"6167184","competence-bias","pity.target",6
"6172443","warmth-bias","envy.target",5
"6172443","warmth-bias","pity.target",6
"6174640","warmth-bias","pity.target",6
"6174640","warmth-bias","envy.target",3
"6175722","competence-bias","envy.target",5
"6175722","competence-bias","pity.target",5
"6195109","warmth-bias","envy.target",1
"6195109","warmth-bias","pity.target",1
"6201307","warmth-bias","envy.target",5
"6201307","warmth-bias","pity.target",3
"6203053","equal","envy.target",4
"6203053","equal","pity.target",4
"6210055","warmth-bias","envy.target",6
"6210055","warmth-bias","pity.target",5
"6210711","competence-bias","envy.target",5
"6210711","competence-bias","pity.target",4
"6222484","competence-bias","pity.target",5
"6222484","competence-bias","envy.target",7
"6223925","competence-bias","pity.target",6
"6223925","competence-bias","envy.target",5
"6235822","warmth-bias","envy.target",7
"6235822","warmth-bias","pity.target",6
"6240729","equal","pity.target",5
"6240729","equal","envy.target",6
"6269112","competence-bias","pity.target",5
"6269112","competence-bias","envy.target",7
"6271464","competence-bias","pity.target",6
"6271464","competence-bias","envy.target",5
"6282457","equal","pity.target",5
"6282457","equal","envy.target",7
"6283752","competence-bias","pity.target",4
"6283752","competence-bias","envy.target",7
"6285665","equal","envy.target",7
"6285665","equal","pity.target",7
"6285813","equal","pity.target",7
"6285813","equal","envy.target",6
"6286128","equal","pity.target",6
"6286128","equal","envy.target",5
"6286616","competence-bias","pity.target",5
"6286616","competence-bias","envy.target",7
"6286635","warmth-bias","envy.target",5
"6286635","warmth-bias","pity.target",6
"6303387","equal","envy.target",3
"6303387","equal","pity.target",6
"6331907","warmth-bias","envy.target",6
"6331907","warmth-bias","pity.target",4
"6341075","warmth-bias","envy.target",6
"6341075","warmth-bias","pity.target",5
"6354353","competence-bias","pity.target",5
"6354353","competence-bias","envy.target",6
"6363660","competence-bias","envy.target",7
"6363660","competence-bias","pity.target",4
"6366488","equal","envy.target",5
"6366488","equal","pity.target",6
"6376729","warmth-bias","pity.target",6
"6376729","warmth-bias","envy.target",7
"6384446","competence-bias","pity.target",5
"6384446","competence-bias","envy.target",7
"6387595","warmth-bias","envy.target",7
"6387595","warmth-bias","pity.target",3
"6398456","competence-bias","envy.target",7
"6398456","competence-bias","pity.target",3
"6399157","competence-bias","pity.target",6
"6399157","competence-bias","envy.target",4
"6417021","equal","pity.target",7
"6417021","equal","envy.target",5
"6419106","warmth-bias","envy.target",6
"6419106","warmth-bias","pity.target",4
"6423439","warmth-bias","envy.target",6
"6423439","warmth-bias","pity.target",4
"6431924","equal","pity.target",4
"6431924","equal","envy.target",6
"6441088","warmth-bias","envy.target",7
"6441088","warmth-bias","pity.target",5
"6455552","competence-bias","envy.target",6
"6455552","competence-bias","pity.target",6
"6469035","competence-bias","envy.target",6
"6469035","competence-bias","pity.target",3
"6485198","equal","pity.target",4
"6485198","equal","envy.target",6
"6515953","competence-bias","envy.target",5
"6515953","competence-bias","pity.target",3
"6517978","competence-bias","pity.target",7
"6517978","competence-bias","envy.target",5
"6530281","equal","envy.target",3
"6530281","equal","pity.target",7
"6581399","competence-bias","pity.target",5
"6581399","competence-bias","envy.target",6
"6586212","equal","envy.target",7
"6586212","equal","pity.target",2
"6588205","equal","envy.target",7
"6588205","equal","pity.target",7
"6597188","equal","envy.target",6
"6597188","equal","pity.target",5
"6605358","warmth-bias","pity.target",5
"6605358","warmth-bias","envy.target",6
"6610595","competence-bias","envy.target",5
"6610595","competence-bias","pity.target",4
"6613844","equal","envy.target",5
"6613844","equal","pity.target",6
"6619119","equal","envy.target",5
"6619119","equal","pity.target",6
"6630000","competence-bias","envy.target",5
"6630000","competence-bias","pity.target",6
"6637042","equal","envy.target",4
"6637042","equal","pity.target",7
"6643992","warmth-bias","pity.target",5
"6643992","warmth-bias","envy.target",6
"6647065","competence-bias","envy.target",7
"6647065","competence-bias","pity.target",6
"6652840","competence-bias","envy.target",5
"6652840","competence-bias","pity.target",3
"6653031","warmth-bias","envy.target",3
"6653031","warmth-bias","pity.target",7
"6653400","competence-bias","pity.target",5
"6653400","competence-bias","envy.target",7
"6663513","competence-bias","envy.target",3
"6663513","competence-bias","pity.target",5
"6671581","equal","envy.target",7
"6671581","equal","pity.target",7
"6693644","competence-bias","envy.target",5
"6693644","competence-bias","pity.target",5
"6707299","warmth-bias","pity.target",6
"6707299","warmth-bias","envy.target",4
"6716864","warmth-bias","pity.target",5
"6716864","warmth-bias","envy.target",6
"6717925","warmth-bias","pity.target",2
"6717925","warmth-bias","envy.target",6
"6720559","equal","envy.target",6
"6720559","equal","pity.target",5
"6722706","competence-bias","envy.target",5
"6722706","competence-bias","pity.target",4
"6737720","competence-bias","pity.target",7
"6737720","competence-bias","envy.target",4
"6748529","equal","pity.target",6
"6748529","equal","envy.target",5
"6754554","equal","envy.target",7
"6754554","equal","pity.target",4
"6755826","equal","pity.target",7
"6755826","equal","envy.target",4
"6761033","competence-bias","pity.target",6
"6761033","competence-bias","envy.target",5
"6762701","competence-bias","envy.target",7
"6762701","competence-bias","pity.target",7
"6768414","equal","envy.target",6
"6768414","equal","pity.target",6
"6772836","warmth-bias","pity.target",5
"6772836","warmth-bias","envy.target",7
"6775945","equal","pity.target",4
"6775945","equal","envy.target",4
"6777840","equal","pity.target",6
"6777840","equal","envy.target",6
"6787944","warmth-bias","envy.target",5
"6787944","warmth-bias","pity.target",6
"6788451","competence-bias","pity.target",6
"6788451","competence-bias","envy.target",7
"6813158","competence-bias","pity.target",5
"6813158","competence-bias","envy.target",5
"6813636","equal","pity.target",7
"6813636","equal","envy.target",5
"6815461","warmth-bias","pity.target",5
"6815461","warmth-bias","envy.target",3
"6821627","competence-bias","envy.target",7
"6821627","competence-bias","pity.target",5
"6827357","warmth-bias","pity.target",3
"6827357","warmth-bias","envy.target",6
"6830404","equal","pity.target",5
"6830404","equal","envy.target",6
"6839327","equal","pity.target",6
"6839327","equal","envy.target",5
"6843837","equal","pity.target",5
"6843837","equal","envy.target",3
"6850369","warmth-bias","envy.target",6
"6850369","warmth-bias","pity.target",4
"6854883","competence-bias","pity.target",3
"6854883","competence-bias","envy.target",6
"6855887","equal","envy.target",7
"6855887","equal","pity.target",7
"6882949","competence-bias","pity.target",6
"6882949","competence-bias","envy.target",7
"6886460","warmth-bias","pity.target",4
"6886460","warmth-bias","envy.target",4
"6889461","competence-bias","envy.target",6
"6889461","competence-bias","pity.target",3
"6890206","equal","pity.target",2
"6890206","equal","envy.target",5
"6899975","warmth-bias","envy.target",6
"6899975","warmth-bias","pity.target",5
"6903275","equal","pity.target",7
"6903275","equal","envy.target",6
"6922807","warmth-bias","pity.target",7
"6922807","warmth-bias","envy.target",6
"6930177","competence-bias","pity.target",5
"6930177","competence-bias","envy.target",2
"6936865","competence-bias","pity.target",6
"6936865","competence-bias","envy.target",3
"6962647","warmth-bias","pity.target",7
"6962647","warmth-bias","envy.target",5
"6964057","equal","pity.target",6
"6964057","equal","envy.target",5
"6987022","equal","envy.target",5
"6987022","equal","pity.target",5
"6991827","warmth-bias","envy.target",5
"6991827","warmth-bias","pity.target",6
"6997990","warmth-bias","pity.target",5
"6997990","warmth-bias","envy.target",7
"7004976","equal","pity.target",6
"7004976","equal","envy.target",5
"7010599","equal","envy.target",3
"7010599","equal","pity.target",6
"7017919","warmth-bias","pity.target",7
"7017919","warmth-bias","envy.target",5
"7021403","equal","pity.target",4
"7021403","equal","envy.target",7
"7028690","warmth-bias","pity.target",7
"7028690","warmth-bias","envy.target",7
"7034391","equal","envy.target",5
"7034391","equal","pity.target",5
"7045873","competence-bias","pity.target",6
"7045873","competence-bias","envy.target",3
"7048385","competence-bias","envy.target",7
"7048385","competence-bias","pity.target",7
"7055272","warmth-bias","pity.target",3
"7055272","warmth-bias","envy.target",6
"7056912","competence-bias","envy.target",5
"7056912","competence-bias","pity.target",5
"7061713","warmth-bias","envy.target",5
"7061713","warmth-bias","pity.target",7
"7075446","equal","pity.target",6
"7075446","equal","envy.target",6
"7091350","equal","pity.target",5
"7091350","equal","envy.target",6
"7093951","competence-bias","envy.target",7
"7093951","competence-bias","pity.target",4
"7106929","warmth-bias","envy.target",3
"7106929","warmth-bias","pity.target",5
"7107728","equal","envy.target",7
"7107728","equal","pity.target",6
"7109318","competence-bias","envy.target",7
"7109318","competence-bias","pity.target",3
"7127104","equal","pity.target",3
"7127104","equal","envy.target",7
"7127622","equal","pity.target",6
"7127622","equal","envy.target",6
"7146041","equal","envy.target",6
"7146041","equal","pity.target",5
"7158498","competence-bias","envy.target",6
"7158498","competence-bias","pity.target",4
"7165449","competence-bias","envy.target",6
"7165449","competence-bias","pity.target",4
"7185123","warmth-bias","pity.target",5
"7185123","warmth-bias","envy.target",6
"7187056","competence-bias","envy.target",5
"7187056","competence-bias","pity.target",3
"7189541","equal","envy.target",6
"7189541","equal","pity.target",5
"7203765","warmth-bias","pity.target",6
"7203765","warmth-bias","envy.target",6
"7206384","competence-bias","pity.target",3
"7206384","competence-bias","envy.target",6
"7207455","competence-bias","pity.target",2
"7207455","competence-bias","envy.target",5
"7209317","equal","envy.target",5
"7209317","equal","pity.target",6
"7231962","warmth-bias","pity.target",7
"7231962","warmth-bias","envy.target",4
"7255576","warmth-bias","envy.target",6
"7255576","warmth-bias","pity.target",4
"7272617","warmth-bias","envy.target",5
"7272617","warmth-bias","pity.target",6
"7287066","warmth-bias","pity.target",3
"7287066","warmth-bias","envy.target",6
"7296171","equal","pity.target",5
"7296171","equal","envy.target",6
"7311529","warmth-bias","envy.target",6
"7311529","warmth-bias","pity.target",5
"7311604","warmth-bias","envy.target",6
"7311604","warmth-bias","pity.target",5
"7322913","competence-bias","pity.target",6
"7322913","competence-bias","envy.target",7
"7333991","warmth-bias","envy.target",6
"7333991","warmth-bias","pity.target",5
"7343223","equal","envy.target",6
"7343223","equal","pity.target",4
"7343446","equal","envy.target",5
"7343446","equal","pity.target",7
"7363085","equal","pity.target",5
"7363085","equal","envy.target",7
"7369624","warmth-bias","pity.target",5
"7369624","warmth-bias","envy.target",5
"7377736","competence-bias","envy.target",7
"7377736","competence-bias","pity.target",7
"7423104","competence-bias","envy.target",6
"7423104","competence-bias","pity.target",5
"7423443","competence-bias","pity.target",6
"7423443","competence-bias","envy.target",6
"7441442","equal","pity.target",6
"7441442","equal","envy.target",4
"7459727","warmth-bias","envy.target",6
"7459727","warmth-bias","pity.target",6
"7463822","warmth-bias","envy.target",6
"7463822","warmth-bias","pity.target",6
"7471143","equal","pity.target",7
"7471143","equal","envy.target",5
"7497938","equal","envy.target",6
"7497938","equal","pity.target",6
"7499990","equal","pity.target",5
"7499990","equal","envy.target",3
"7502123","equal","pity.target",5
"7502123","equal","envy.target",6
"7509341","competence-bias","envy.target",5
"7509341","competence-bias","pity.target",6
"7518718","equal","envy.target",6
"7518718","equal","pity.target",6
"7520163","warmth-bias","pity.target",4
"7520163","warmth-bias","envy.target",5
"7539849","warmth-bias","pity.target",3
"7539849","warmth-bias","envy.target",6
"7567924","equal","envy.target",5
"7567924","equal","pity.target",6
"7572391","equal","pity.target",6
"7572391","equal","envy.target",3
"7578055","equal","pity.target",5
"7578055","equal","envy.target",5
"7588124","competence-bias","envy.target",5
"7588124","competence-bias","pity.target",6
"7615756","warmth-bias","envy.target",5
"7615756","warmth-bias","pity.target",6
"7617499","equal","pity.target",3
"7617499","equal","envy.target",5
"7623761","warmth-bias","envy.target",5
"7623761","warmth-bias","pity.target",3
"7634030","warmth-bias","pity.target",6
"7634030","warmth-bias","envy.target",5
"7647442","warmth-bias","envy.target",3
"7647442","warmth-bias","pity.target",5
"7653582","warmth-bias","envy.target",3
"7653582","warmth-bias","pity.target",6
"7665963","equal","pity.target",5
"7665963","equal","envy.target",6
"7668118","equal","pity.target",6
"7668118","equal","envy.target",5
"7670556","competence-bias","envy.target",5
"7670556","competence-bias","pity.target",3
"7673565","competence-bias","envy.target",6
"7673565","competence-bias","pity.target",7
"7674172","warmth-bias","envy.target",3
"7674172","warmth-bias","pity.target",5
"7708173","warmth-bias","envy.target",5
"7708173","warmth-bias","pity.target",5
"7709126","warmth-bias","envy.target",5
"7709126","warmth-bias","pity.target",7
"7719999","competence-bias","pity.target",4
"7719999","competence-bias","envy.target",6
"7721329","warmth-bias","envy.target",5
"7721329","warmth-bias","pity.target",3
"7723853","competence-bias","envy.target",4
"7723853","competence-bias","pity.target",5
"7727828","equal","envy.target",6
"7727828","equal","pity.target",4
"7759478","warmth-bias","envy.target",6
"7759478","warmth-bias","pity.target",6
"7762061","competence-bias","envy.target",6
"7762061","competence-bias","pity.target",6
"7766011","equal","envy.target",3
"7766011","equal","pity.target",5
"7778366","equal","envy.target",6
"7778366","equal","pity.target",3
"7784309","warmth-bias","pity.target",7
"7784309","warmth-bias","envy.target",7
"7786485","competence-bias","pity.target",6
"7786485","competence-bias","envy.target",6
"7790109","competence-bias","envy.target",6
"7790109","competence-bias","pity.target",3
"7791938","equal","envy.target",7
"7791938","equal","pity.target",6
"7797374","warmth-bias","pity.target",5
"7797374","warmth-bias","envy.target",5
"7798312","warmth-bias","envy.target",6
"7798312","warmth-bias","pity.target",6
"7799906","equal","envy.target",6
"7799906","equal","pity.target",5
"7817131","competence-bias","pity.target",7
"7817131","competence-bias","envy.target",6
"7818044","equal","envy.target",6
"7818044","equal","pity.target",5
"7821158","equal","pity.target",5
"7821158","equal","envy.target",6
"7825248","warmth-bias","pity.target",6
"7825248","warmth-bias","envy.target",5
"7863945","competence-bias","pity.target",3
"7863945","competence-bias","envy.target",7
"7878151","equal","envy.target",5
"7878151","equal","pity.target",5
"7896259","warmth-bias","envy.target",5
"7896259","warmth-bias","pity.target",6
"7901676","competence-bias","pity.target",6
"7901676","competence-bias","envy.target",6
"7908889","competence-bias","envy.target",6
"7908889","competence-bias","pity.target",7
"7915118","warmth-bias","envy.target",6
"7915118","warmth-bias","pity.target",5
"7928677","equal","envy.target",6
"7928677","equal","pity.target",4
"7929978","competence-bias","envy.target",5
"7929978","competence-bias","pity.target",6
"7932246","equal","envy.target",7
"7932246","equal","pity.target",5
"7942868","equal","pity.target",6
"7942868","equal","envy.target",7
"7965397","warmth-bias","envy.target",4
"7965397","warmth-bias","pity.target",4
"7966766","warmth-bias","envy.target",6
"7966766","warmth-bias","pity.target",7
"7981021","warmth-bias","envy.target",7
"7981021","warmth-bias","pity.target",6
"7982082","warmth-bias","envy.target",6
"7982082","warmth-bias","pity.target",3
"7985602","equal","envy.target",5
"7985602","equal","pity.target",6
"7987554","warmth-bias","envy.target",5
"7987554","warmth-bias","pity.target",2
"7990210","equal","envy.target",3
"7990210","equal","pity.target",3
"8011223","competence-bias","envy.target",5
"8011223","competence-bias","pity.target",5
"8014924","warmth-bias","pity.target",5
"8014924","warmth-bias","envy.target",5
"8015369","equal","envy.target",4
"8015369","equal","pity.target",7
"8021124","equal","envy.target",5
"8021124","equal","pity.target",3
"8026572","competence-bias","pity.target",4
"8026572","competence-bias","envy.target",6
"8034188","competence-bias","pity.target",3
"8034188","competence-bias","envy.target",7
"8066080","competence-bias","pity.target",5
"8066080","competence-bias","envy.target",6
"8074593","competence-bias","envy.target",2
"8074593","competence-bias","pity.target",6
"8089603","competence-bias","pity.target",6
"8089603","competence-bias","envy.target",5
"8108205","warmth-bias","pity.target",4
"8108205","warmth-bias","envy.target",6
"8138293","equal","envy.target",6
"8138293","equal","pity.target",2
"8145983","equal","pity.target",7
"8145983","equal","envy.target",7
"8161781","competence-bias","pity.target",6
"8161781","competence-bias","envy.target",7
"8165851","competence-bias","envy.target",6
"8165851","competence-bias","pity.target",4
"8165967","competence-bias","pity.target",5
"8165967","competence-bias","envy.target",7
"8169823","warmth-bias","pity.target",5
"8169823","warmth-bias","envy.target",6
"8170692","competence-bias","envy.target",7
"8170692","competence-bias","pity.target",7
"8176783","equal","envy.target",5
"8176783","equal","pity.target",2
"8183647","warmth-bias","envy.target",6
"8183647","warmth-bias","pity.target",7
"8196590","competence-bias","envy.target",7
"8196590","competence-bias","pity.target",5
"8203943","competence-bias","pity.target",6
"8203943","competence-bias","envy.target",6
"8217167","competence-bias","envy.target",6
"8217167","competence-bias","pity.target",3
"8219097","competence-bias","envy.target",7
"8219097","competence-bias","pity.target",4
"8223585","equal","pity.target",4
"8223585","equal","envy.target",5
"8230111","competence-bias","envy.target",5
"8230111","competence-bias","pity.target",3
"8237339","competence-bias","pity.target",7
"8237339","competence-bias","envy.target",6
"8240366","competence-bias","envy.target",3
"8240366","competence-bias","pity.target",5
"8248509","competence-bias","pity.target",5
"8248509","competence-bias","envy.target",7
"8257946","equal","envy.target",6
"8257946","equal","pity.target",4
"8258125","warmth-bias","pity.target",5
"8258125","warmth-bias","envy.target",6
"8266527","warmth-bias","envy.target",2
"8266527","warmth-bias","pity.target",6
"8271253","warmth-bias","envy.target",7
"8271253","warmth-bias","pity.target",7
"8277187","competence-bias","pity.target",5
"8277187","competence-bias","envy.target",6
"8281645","competence-bias","pity.target",4
"8281645","competence-bias","envy.target",4
"8281911","competence-bias","pity.target",3
"8281911","competence-bias","envy.target",5
"8303450","competence-bias","envy.target",6
"8303450","competence-bias","pity.target",7
"8305211","warmth-bias","envy.target",7
"8305211","warmth-bias","pity.target",4
"8314214","warmth-bias","envy.target",5
"8314214","warmth-bias","pity.target",6
"8315433","equal","pity.target",7
"8315433","equal","envy.target",7
"8324512","competence-bias","pity.target",6
"8324512","competence-bias","envy.target",6
"8326465","warmth-bias","pity.target",6
"8326465","warmth-bias","envy.target",5
"8333051","equal","envy.target",6
"8333051","equal","pity.target",7
"8333536","competence-bias","envy.target",6
"8333536","competence-bias","pity.target",6
"8336771","warmth-bias","pity.target",6
"8336771","warmth-bias","envy.target",5
"8358015","equal","pity.target",5
"8358015","equal","envy.target",6
"8363698","equal","pity.target",7
"8363698","equal","envy.target",7
"8364287","warmth-bias","pity.target",5
"8364287","warmth-bias","envy.target",6
"8370604","equal","envy.target",6
"8370604","equal","pity.target",5
"8379206","warmth-bias","envy.target",5
"8379206","warmth-bias","pity.target",3
"8379303","warmth-bias","pity.target",5
"8379303","warmth-bias","envy.target",5
"8379755","equal","pity.target",3
"8379755","equal","envy.target",5
"8382336","warmth-bias","envy.target",4
"8382336","warmth-bias","pity.target",4
"8382973","warmth-bias","envy.target",3
"8382973","warmth-bias","pity.target",5
"8457457","competence-bias","pity.target",3
"8457457","competence-bias","envy.target",7
"8461440","competence-bias","pity.target",6
"8461440","competence-bias","envy.target",6
"8463120","equal","envy.target",7
"8463120","equal","pity.target",7
"8465524","competence-bias","envy.target",6
"8465524","competence-bias","pity.target",3
"8508050","warmth-bias","envy.target",5
"8508050","warmth-bias","pity.target",5
"8509491","warmth-bias","pity.target",6
"8509491","warmth-bias","envy.target",5
"8512077","equal","envy.target",5
"8512077","equal","pity.target",6
"8518157","equal","envy.target",6
"8518157","equal","pity.target",7
"8521887","equal","envy.target",6
"8521887","equal","pity.target",5
"8528397","warmth-bias","pity.target",5
"8528397","warmth-bias","envy.target",5
"8532447","equal","envy.target",6
"8532447","equal","pity.target",5
"8552203","competence-bias","pity.target",4
"8552203","competence-bias","envy.target",6
"8553892","equal","envy.target",5
"8553892","equal","pity.target",6
"8558888","warmth-bias","envy.target",6
"8558888","warmth-bias","pity.target",3
"8562686","warmth-bias","pity.target",5
"8562686","warmth-bias","envy.target",6
"8567456","warmth-bias","envy.target",4
"8567456","warmth-bias","pity.target",6
"8581323","equal","envy.target",3
"8581323","equal","pity.target",7
"8582298","warmth-bias","envy.target",6
"8582298","warmth-bias","pity.target",7
"8588050","equal","envy.target",6
"8588050","equal","pity.target",6
"8591500","competence-bias","pity.target",2
"8591500","competence-bias","envy.target",5
"8602807","competence-bias","pity.target",5
"8602807","competence-bias","envy.target",3
"8611058","warmth-bias","pity.target",5
"8611058","warmth-bias","envy.target",6
"8611687","competence-bias","envy.target",6
"8611687","competence-bias","pity.target",3
"8612570","warmth-bias","envy.target",4
"8612570","warmth-bias","pity.target",6
"8630890","competence-bias","envy.target",3
"8630890","competence-bias","pity.target",5
"8637791","competence-bias","pity.target",7
"8637791","competence-bias","envy.target",6
"8643326","competence-bias","envy.target",6
"8643326","competence-bias","pity.target",7
"8655403","competence-bias","envy.target",7
"8655403","competence-bias","pity.target",5
"8663227","equal","envy.target",6
"8663227","equal","pity.target",4
"8669163","warmth-bias","envy.target",5
"8669163","warmth-bias","pity.target",6
"8669362","competence-bias","pity.target",5
"8669362","competence-bias","envy.target",6
"8671566","equal","pity.target",6
"8671566","equal","envy.target",6
"8675815","competence-bias","pity.target",5
"8675815","competence-bias","envy.target",6
"8681378","competence-bias","envy.target",7
"8681378","competence-bias","pity.target",5
"8682054","competence-bias","pity.target",7
"8682054","competence-bias","envy.target",6
"8695988","competence-bias","pity.target",6
"8695988","competence-bias","envy.target",6
"8712505","equal","pity.target",7
"8712505","equal","envy.target",7
"8722182","warmth-bias","pity.target",3
"8722182","warmth-bias","envy.target",5
"8726927","warmth-bias","pity.target",6
"8726927","warmth-bias","envy.target",5
"8729477","warmth-bias","envy.target",6
"8729477","warmth-bias","pity.target",4
"8738829","warmth-bias","envy.target",4
"8738829","warmth-bias","pity.target",4
"8745192","competence-bias","envy.target",6
"8745192","competence-bias","pity.target",2
"8749763","warmth-bias","envy.target",7
"8749763","warmth-bias","pity.target",5
"8751354","equal","envy.target",6
"8751354","equal","pity.target",6
"8769149","equal","envy.target",3
"8769149","equal","pity.target",7
"8770418","competence-bias","pity.target",6
"8770418","competence-bias","envy.target",2
"8772111","competence-bias","envy.target",7
"8772111","competence-bias","pity.target",2
"8772499","competence-bias","envy.target",6
"8772499","competence-bias","pity.target",4
"8773443","equal","envy.target",5
"8773443","equal","pity.target",5
"8785348","competence-bias","pity.target",6
"8785348","competence-bias","envy.target",6
"8790799","equal","envy.target",5
"8790799","equal","pity.target",6
"8793984","competence-bias","envy.target",6
"8793984","competence-bias","pity.target",3
"8797468","equal","pity.target",7
"8797468","equal","envy.target",7
"8816401","equal","pity.target",5
"8816401","equal","envy.target",5
"8829277","warmth-bias","pity.target",3
"8829277","warmth-bias","envy.target",7
"8831227","competence-bias","envy.target",6
"8831227","competence-bias","pity.target",5
"8839065","warmth-bias","envy.target",4
"8839065","warmth-bias","pity.target",6
"8867363","competence-bias","pity.target",5
"8867363","competence-bias","envy.target",5
"8881152","warmth-bias","envy.target",5
"8881152","warmth-bias","pity.target",5
"8881882","warmth-bias","envy.target",6
"8881882","warmth-bias","pity.target",2
"8889159","warmth-bias","envy.target",7
"8889159","warmth-bias","pity.target",3
"8894247","warmth-bias","pity.target",6
"8894247","warmth-bias","envy.target",5
"8909164","warmth-bias","pity.target",5
"8909164","warmth-bias","envy.target",4
"8910029","warmth-bias","envy.target",6
"8910029","warmth-bias","pity.target",4
"8925514","equal","pity.target",5
"8925514","equal","envy.target",7
"8931658","warmth-bias","envy.target",5
"8931658","warmth-bias","pity.target",6
"8943838","equal","envy.target",5
"8943838","equal","pity.target",3
"8950734","equal","pity.target",5
"8950734","equal","envy.target",3
"8956727","equal","pity.target",4
"8956727","equal","envy.target",5
"8958781","warmth-bias","pity.target",3
"8958781","warmth-bias","envy.target",5
"8961498","equal","pity.target",4
"8961498","equal","envy.target",6
"8961892","equal","pity.target",4
"8961892","equal","envy.target",7
"8965548","equal","pity.target",3
"8965548","equal","envy.target",4
"8967379","equal","envy.target",6
"8967379","equal","pity.target",5
"8970833","competence-bias","pity.target",5
"8970833","competence-bias","envy.target",7
"8974144","competence-bias","pity.target",3
"8974144","competence-bias","envy.target",6
"8976480","equal","pity.target",5
"8976480","equal","envy.target",6
"8984383","equal","envy.target",4
"8984383","equal","pity.target",6
"8987075","competence-bias","envy.target",6
"8987075","competence-bias","pity.target",6
"8990886","equal","pity.target",5
"8990886","equal","envy.target",6
"9014132","competence-bias","envy.target",7
"9014132","competence-bias","pity.target",7
"9021573","competence-bias","pity.target",7
"9021573","competence-bias","envy.target",7
"9024767","equal","envy.target",6
"9024767","equal","pity.target",6
"9054504","equal","pity.target",5
"9054504","equal","envy.target",6
"9055138","warmth-bias","pity.target",5
"9055138","warmth-bias","envy.target",5
"9060831","competence-bias","pity.target",6
"9060831","competence-bias","envy.target",5
"9065731","warmth-bias","pity.target",5
"9065731","warmth-bias","envy.target",6
"9068721","warmth-bias","pity.target",5
"9068721","warmth-bias","envy.target",7
"9080797","warmth-bias","envy.target",7
"9080797","warmth-bias","pity.target",5
"9081306","competence-bias","envy.target",7
"9081306","competence-bias","pity.target",7
"9081586","equal","pity.target",4
"9081586","equal","envy.target",5
"9087062","warmth-bias","pity.target",5
"9087062","warmth-bias","envy.target",6
"9087790","equal","envy.target",6
"9087790","equal","pity.target",5
"9089158","equal","pity.target",3
"9089158","equal","envy.target",5
"9105147","competence-bias","envy.target",5
"9105147","competence-bias","pity.target",5
"9106274","equal","envy.target",7
"9106274","equal","pity.target",5
"9114678","warmth-bias","envy.target",6
"9114678","warmth-bias","pity.target",5
"9119925","warmth-bias","envy.target",6
"9119925","warmth-bias","pity.target",5
"9120515","warmth-bias","pity.target",5
"9120515","warmth-bias","envy.target",6
"9126688","warmth-bias","pity.target",7
"9126688","warmth-bias","envy.target",6
"9152639","competence-bias","pity.target",1
"9152639","competence-bias","envy.target",7
"9162168","competence-bias","pity.target",7
"9162168","competence-bias","envy.target",6
"9170345","competence-bias","envy.target",5
"9170345","competence-bias","pity.target",7
"9176982","equal","pity.target",3
"9176982","equal","envy.target",6
"9182597","warmth-bias","pity.target",7
"9182597","warmth-bias","envy.target",5
"9189769","warmth-bias","envy.target",6
"9189769","warmth-bias","pity.target",4
"9193229","equal","envy.target",6
"9193229","equal","pity.target",4
"9195565","competence-bias","envy.target",6
"9195565","competence-bias","pity.target",3
"9204360","warmth-bias","pity.target",5
"9204360","warmth-bias","envy.target",5
"9210158","warmth-bias","pity.target",4
"9210158","warmth-bias","envy.target",4
"9216949","equal","pity.target",5
"9216949","equal","envy.target",6
"9242526","equal","envy.target",6
"9242526","equal","pity.target",6
"9256239","competence-bias","pity.target",6
"9256239","competence-bias","envy.target",6
"9263378","competence-bias","envy.target",5
"9263378","competence-bias","pity.target",3
"9288953","competence-bias","envy.target",6
"9288953","competence-bias","pity.target",4
"9296354","competence-bias","envy.target",5
"9296354","competence-bias","pity.target",6
"9313845","competence-bias","pity.target",7
"9313845","competence-bias","envy.target",7
"9318475","warmth-bias","pity.target",7
"9318475","warmth-bias","envy.target",6
"9323445","competence-bias","pity.target",5
"9323445","competence-bias","envy.target",6
"9330652","warmth-bias","pity.target",7
"9330652","warmth-bias","envy.target",7
"9350742","warmth-bias","pity.target",6
"9350742","warmth-bias","envy.target",7
"9352381","warmth-bias","pity.target",7
"9352381","warmth-bias","envy.target",5
"9368091","equal","envy.target",7
"9368091","equal","pity.target",6
"9368162","warmth-bias","envy.target",6
"9368162","warmth-bias","pity.target",5
"9370569","warmth-bias","envy.target",5
"9370569","warmth-bias","pity.target",4
"9376725","competence-bias","envy.target",7
"9376725","competence-bias","pity.target",5
"9376743","warmth-bias","envy.target",5
"9376743","warmth-bias","pity.target",5
"9377481","warmth-bias","envy.target",5
"9377481","warmth-bias","pity.target",6
"9377884","warmth-bias","pity.target",6
"9377884","warmth-bias","envy.target",6
"9391106","warmth-bias","envy.target",4
"9391106","warmth-bias","pity.target",4
"9405805","warmth-bias","envy.target",5
"9405805","warmth-bias","pity.target",4
"9406917","competence-bias","envy.target",6
"9406917","competence-bias","pity.target",5
"9414146","equal","envy.target",7
"9414146","equal","pity.target",3
"9426105","competence-bias","pity.target",5
"9426105","competence-bias","envy.target",6
"9431942","equal","envy.target",5
"9431942","equal","pity.target",5
"9441377","competence-bias","pity.target",3
"9441377","competence-bias","envy.target",6
"9449136","equal","envy.target",6
"9449136","equal","pity.target",6
"9450994","equal","envy.target",5
"9450994","equal","pity.target",3
"9462119","equal","pity.target",5
"9462119","equal","envy.target",6
"9466702","equal","pity.target",5
"9466702","equal","envy.target",5
"9467103","equal","pity.target",3
"9467103","equal","envy.target",6
"9470058","competence-bias","pity.target",2
"9470058","competence-bias","envy.target",6
"9487133","competence-bias","pity.target",5
"9487133","competence-bias","envy.target",6
"9493729","competence-bias","envy.target",7
"9493729","competence-bias","pity.target",6
"9515635","competence-bias","pity.target",6
"9515635","competence-bias","envy.target",5
"9529650","equal","envy.target",6
"9529650","equal","pity.target",7
"9545194","equal","envy.target",7
"9545194","equal","pity.target",3
"9546935","warmth-bias","envy.target",5
"9546935","warmth-bias","pity.target",6
"9579707","competence-bias","envy.target",4
"9579707","competence-bias","pity.target",4
"9591040","competence-bias","envy.target",7
"9591040","competence-bias","pity.target",2
"9601088","warmth-bias","envy.target",3
"9601088","warmth-bias","pity.target",5
"9609145","equal","pity.target",3
"9609145","equal","envy.target",5
"9613154","warmth-bias","envy.target",5
"9613154","warmth-bias","pity.target",4
"9613562","competence-bias","pity.target",5
"9613562","competence-bias","envy.target",6
"9620539","warmth-bias","envy.target",6
"9620539","warmth-bias","pity.target",5
"9657188","warmth-bias","pity.target",5
"9657188","warmth-bias","envy.target",5
"9661282","warmth-bias","envy.target",5
"9661282","warmth-bias","pity.target",3
"9667839","warmth-bias","pity.target",6
"9667839","warmth-bias","envy.target",6
"9670404","warmth-bias","envy.target",7
"9670404","warmth-bias","pity.target",4
"9681994","warmth-bias","envy.target",5
"9681994","warmth-bias","pity.target",6
"9688088","warmth-bias","envy.target",6
"9688088","warmth-bias","pity.target",5
"9691604","competence-bias","envy.target",5
"9691604","competence-bias","pity.target",3
"9715408","competence-bias","envy.target",7
"9715408","competence-bias","pity.target",6
"9725798","competence-bias","pity.target",4
"9725798","competence-bias","envy.target",5
"9726136","equal","pity.target",3
"9726136","equal","envy.target",6
"9746222","warmth-bias","pity.target",5
"9746222","warmth-bias","envy.target",6
"9758915","warmth-bias","envy.target",6
"9758915","warmth-bias","pity.target",5
"9770946","warmth-bias","envy.target",6
"9770946","warmth-bias","pity.target",2
"9779514","equal","envy.target",6
"9779514","equal","pity.target",6
"9798486","warmth-bias","envy.target",6
"9798486","warmth-bias","pity.target",6
"9799054","equal","pity.target",6
"9799054","equal","envy.target",3
"9842773","equal","envy.target",6
"9842773","equal","pity.target",6
"9846587","warmth-bias","envy.target",7
"9846587","warmth-bias","pity.target",1
"9848210","competence-bias","envy.target",5
"9848210","competence-bias","pity.target",6
"9849078","equal","pity.target",7
"9849078","equal","envy.target",7
"9878195","equal","pity.target",6
"9878195","equal","envy.target",4
"9895997","competence-bias","pity.target",4
"9895997","competence-bias","envy.target",5
"9904624","equal","envy.target",6
"9904624","equal","pity.target",5
"9911283","competence-bias","envy.target",5
"9911283","competence-bias","pity.target",6
"9913819","equal","envy.target",6
"9913819","equal","pity.target",3
"9919807","warmth-bias","envy.target",6
"9919807","warmth-bias","pity.target",5
"9926230","equal","pity.target",3
"9926230","equal","envy.target",6
"9928259","warmth-bias","pity.target",7
"9928259","warmth-bias","envy.target",6
"9930302","equal","envy.target",6
"9930302","equal","pity.target",3
"9936362","competence-bias","envy.target",5
"9936362","competence-bias","pity.target",6
"9947143","equal","envy.target",7
"9947143","equal","pity.target",6
"9947506","competence-bias","pity.target",5
"9947506","competence-bias","envy.target",4
"9949101","warmth-bias","pity.target",6
"9949101","warmth-bias","envy.target",7
"9957903","equal","pity.target",3
"9957903","equal","envy.target",5
"9968006","equal","envy.target",6
"9968006","equal","pity.target",4
"9971871","competence-bias","pity.target",3
"9971871","competence-bias","envy.target",5
"9972052","equal","envy.target",7
"9972052","equal","pity.target",7
"9988247","competence-bias","envy.target",6
"9988247","competence-bias","pity.target",6
"9988462","equal","envy.target",5
"9988462","equal","pity.target",5
"9996203","competence-bias","envy.target",4
"9996203","competence-bias","pity.target",6
