subject,sex,age,condition,responseorder,h.pity.target,h.envy.target,h.pityAD,h.pityC,h.envyAD,h.envyC,w.pity.target,w.envy.target,w.pityAD,w.pityC,w.envyAD,w.envyC
1,female,34,PityAD,Hire,6,6,5,NA,NA,NA,3.671478939,4.390986376,3.678576561,NA,NA,NA
2,male,23,PityAD,WTP,4,6,3,NA,NA,NA,4.199154927,4.661455997,3.727138166,NA,NA,NA
3,male,25,PityC,WTP,5,3,NA,4,NA,NA,2.507157259,1.178654996,NA,1.974081026,NA,NA
4,male,39,Baseline,Hire,4,5,NA,NA,NA,NA,2.869034621,3.313458467,NA,NA,NA,NA
5,male,25,EnvyC,WTP,6,7,NA,NA,NA,5,3.671478939,4.124712099,NA,NA,NA,3.671478939
6,male,42,Baseline,WTP,2,6,NA,NA,NA,NA,3.313458467,3.678576561,NA,NA,NA,NA
7,male,40,EnvyAD,Hire,4,6,NA,NA,4,NA,3.727138166,4.101651137,NA,NA,3.740760076,NA
8,female,26,EnvyC,WTP,6,6,NA,NA,NA,6,3.420346201,3.38269391,NA,NA,NA,3.727138166
9,female,21,EnvyAD,WTP,3,7,NA,NA,6,NA,2.435366204,2.853015971,NA,NA,2.915606229,NA
10,female,29,Baseline,WTP,5,5,NA,NA,NA,NA,4.669364898,4.677304784,NA,NA,NA,NA
11,female,21,Baseline,Hire,5,6,NA,NA,NA,NA,2.900322089,2.989211057,NA,NA,NA,NA
12,male,27,EnvyAD,Hire,4,6,NA,NA,5,NA,2.946016681,3.912222985,NA,NA,3.292869505,NA
13,male,28,PityAD,WTP,4,5,3,NA,NA,NA,3.401530659,3.657130756,2.931193752,NA,NA,NA
14,female,28,PityAD,Hire,5,7,2,NA,NA,NA,3.429460847,4.394449155,3.392156637,NA,NA,NA
15,male,22,PityC,Hire,3,5,NA,4,NA,NA,2.246014742,2.152924318,NA,0,NA,NA
16,male,25,PityAD,Hire,6,4,3,NA,NA,NA,4.390986376,4.194943761,3.685624161,NA,NA,NA
17,male,31,PityC,WTP,4,6,NA,2,NA,NA,3.642311818,3.889572877,NA,3.313458467,NA,NA
18,male,36,EnvyAD,WTP,4,4,NA,NA,4,NA,2.435366204,3.642311818,NA,NA,2.960623096,NA
19,male,44,Baseline,Hire,6,4,NA,NA,NA,NA,3.38269391,3.017493765,NA,NA,NA,NA
20,female,36,PityC,Hire,6,5,NA,1,NA,NA,3.720378121,3.533394551,NA,3.447444633,NA,NA
21,male,29,PityC,Hire,5,6,NA,2,NA,NA,3.193763124,2.410542234,NA,2.084429083,NA,NA
22,male,46,Baseline,WTP,4,5,NA,NA,NA,NA,3.799078246,4.322409318,NA,NA,NA,NA
23,female,36,EnvyC,Hire,6,7,NA,NA,NA,7,4.207673248,4.244630641,NA,NA,NA,4.390986376
24,male,34,PityC,WTP,7,5,NA,1,NA,NA,4.730833204,4.852342715,NA,3.044522438,NA,NA
25,female,28,EnvyC,WTP,4,5,NA,NA,NA,5,2.989211057,3.69262244,NA,NA,NA,2.989211057
26,male,31,Baseline,Hire,5,6,NA,NA,NA,NA,4.415098676,4.634437684,NA,NA,NA,NA
27,female,29,PityAD,WTP,5,5,4,NA,NA,NA,3.86030857,4.32611744,3.951051392,NA,NA,NA
28,female,51,EnvyC,WTP,2,7,NA,NA,NA,6,2.507157259,3.260785228,NA,NA,NA,3.565864003
29,male,35,Baseline,WTP,5,7,NA,NA,NA,NA,2.975019232,3.671478939,NA,NA,NA,NA
30,male,31,EnvyAD,Hire,4,6,NA,NA,6,NA,3.134189017,3.333632062,NA,NA,3.678576561,NA
31,male,55,EnvyAD,Hire,4,5,NA,NA,3,NA,3.604682295,4.397899984,NA,NA,4.106273133,NA
32,female,37,PityAD,WTP,6,4,4,NA,NA,NA,3.727138166,4.008786674,3.706719372,NA,NA,NA
33,female,37,PityC,WTP,5,5,NA,1,NA,NA,3.706719372,3.86030857,NA,2.573375298,NA,NA
34,male,22,PityAD,Hire,6,5,5,NA,NA,NA,2.507157259,2.275213896,2.215937286,NA,NA,NA
35,male,45,EnvyC,Hire,4,6,NA,NA,NA,4,3.706719372,3.93456697,NA,NA,NA,3.678576561
36,female,60,PityC,WTP,4,7,NA,1,NA,NA,4.087487775,4.798101922,NA,3.057767664,NA,NA
37,female,26,PityC,Hire,5,4,NA,3,NA,NA,2.656054906,2.931193752,NA,2.529720666,NA,NA
38,male,30,EnvyC,Hire,6,5,NA,NA,NA,5,3.541538866,3.38269391,NA,NA,NA,3.38269391
39,male,28,Baseline,WTP,7,5,NA,NA,NA,NA,3.541538866,3.343568269,NA,NA,NA,NA
40,male,25,Baseline,Hire,5,7,NA,NA,NA,NA,3.706719372,3.508256454,NA,NA,NA,NA
41,male,41,PityAD,Hire,7,5,3,NA,NA,NA,3.951051392,3.533394551,2.59450816,NA,NA,NA
42,male,34,PityAD,WTP,5,7,3,NA,NA,NA,2.836736542,2.975019232,2.636196097,NA,NA,NA
43,male,34,EnvyAD,Hire,4,5,NA,NA,4,NA,3.664330581,4.355425953,NA,NA,3.664330581,NA
44,male,25,PityAD,WTP,1,6,1,NA,NA,NA,3.031099417,3.565864003,2.048982334,NA,NA,NA
45,female,27,EnvyAD,WTP,5,6,NA,NA,6,NA,3.24998682,3.260785228,NA,NA,2.931193752,NA
46,female,37,EnvyC,Hire,6,2,NA,NA,NA,2,4.376888457,4.082777926,NA,NA,NA,2.802754137
47,male,22,EnvyC,WTP,5,4,NA,NA,NA,5,3.92907676,4.661455997,NA,NA,NA,4.23251103
48,male,32,EnvyAD,Hire,7,6,NA,NA,5,NA,3.465423354,3.353756307,NA,NA,3.003204288,NA
49,female,44,PityC,Hire,4,7,NA,2,NA,NA,3.38269391,4.620649757,NA,2.573375298,NA,NA
50,female,44,PityC,Hire,5,7,NA,2,NA,NA,3.438493166,3.533394551,NA,2.303584593,NA,NA
51,female,19,EnvyAD,WTP,5,7,NA,NA,3,NA,3.589335324,3.766997233,NA,NA,3.411147713,NA
52,female,52,EnvyAD,WTP,2,6,NA,NA,3,NA,3.657130756,4.087487775,NA,NA,3.900962058,NA
53,male,31,EnvyC,WTP,3,5,NA,NA,NA,5,1.597365331,3.18221184,NA,NA,NA,2.946016681
54,other,24,Baseline,WTP,6,6,NA,NA,NA,NA,4.805086051,4.960674445,NA,NA,NA,NA
55,male,54,Baseline,Hire,3,7,NA,NA,NA,NA,4.101651137,4.805086051,NA,NA,NA,NA
56,female,39,Baseline,WTP,5,6,NA,NA,NA,NA,2.946016681,3.727138166,NA,NA,NA,NA
57,female,58,EnvyC,Hire,5,7,NA,NA,NA,3,4.06834276,4.634437684,NA,NA,NA,4.383899879
58,male,21,PityAD,Hire,4,6,3,NA,NA,NA,3.792788918,4.311067546,3.541538866,NA,NA,NA
59,female,28,PityC,WTP,5,7,NA,2,NA,NA,2.385086315,3.228033763,NA,2.118662255,NA,NA
60,male,25,PityAD,WTP,5,5,2,NA,NA,NA,4.628984364,4.615120517,4.078045789,NA,NA,NA
61,female,57,Baseline,Hire,7,5,NA,NA,NA,NA,5.303304908,5.097057609,NA,NA,NA,NA
62,female,54,EnvyC,Hire,7,5,NA,NA,NA,3,4.096841442,3.906608373,NA,NA,NA,3.883829271
63,female,21,PityAD,Hire,7,5,5,NA,NA,NA,3.664330581,3.392156637,2.946016681,NA,NA,NA
64,female,61,EnvyC,WTP,4,5,NA,NA,NA,3,4.04899846,4.404888304,NA,NA,NA,4.115453525
65,female,35,PityC,WTP,6,4,NA,3,NA,NA,3.183870216,3.186352633,NA,2.836736542,NA,NA
66,male,35,EnvyAD,Hire,4,6,NA,NA,2,NA,3.671478939,4.115453525,NA,NA,3.678576561,NA
67,male,48,EnvyAD,WTP,7,6,NA,NA,6,NA,3.86030857,3.685624161,NA,NA,3.664330581,NA
68,male,45,EnvyAD,WTP,4,6,NA,NA,5,NA,4.092175545,4.415098676,NA,NA,4.252771799,NA
69,male,73,Baseline,WTP,3,6,NA,NA,NA,NA,2.713369363,3.456316681,NA,NA,NA,NA
70,male,33,PityC,Hire,5,5,NA,3,NA,NA,3.003204288,2.989211057,NA,0,NA,NA
71,female,32,EnvyC,Hire,4,5,NA,NA,NA,1,2.332143895,2.484072969,NA,NA,NA,2.529720666
72,male,20,EnvyC,WTP,7,5,NA,NA,NA,1,3.38269391,2.656054906,NA,NA,NA,1.477048724
73,female,42,Baseline,Hire,3,6,NA,NA,NA,NA,2.303584593,2.615934912,NA,NA,NA,NA
74,female,26,Baseline,Hire,6,3,NA,NA,NA,NA,3.940027202,3.499835352,NA,NA,NA,NA
75,female,40,EnvyAD,Hire,3,7,NA,NA,6,NA,3.533394551,3.69262244,NA,NA,3.205182498,NA
76,male,24,PityAD,WTP,5,7,3,NA,NA,NA,4.058717385,4.620649757,3.706719372,NA,NA,NA
77,female,39,Baseline,WTP,4,5,NA,NA,NA,NA,3.044522438,3.392156637,NA,NA,NA,NA
78,male,19,EnvyC,WTP,3,7,NA,NA,NA,1,3.678576561,4.138201945,NA,NA,NA,3.158701102
79,female,32,PityAD,Hire,6,5,3,NA,NA,NA,3.662792119,3.464485121,3.552486829,NA,NA,NA
80,male,20,PityAD,WTP,7,7,4,NA,NA,NA,4.138201945,3.671478939,3.727138166,NA,NA,NA
81,female,30,PityC,WTP,7,7,NA,2,NA,NA,3.38269391,3.447444633,NA,2.836736542,NA,NA
82,female,28,EnvyC,Hire,7,5,NA,NA,NA,4,4.876265455,4.730833204,NA,NA,NA,4.64265863
83,male,24,EnvyAD,WTP,6,2,NA,NA,3,NA,4.082777926,3.872033997,NA,NA,2.900322089,NA
84,male,21,PityC,Hire,6,7,NA,1,NA,NA,3.392156637,3.671478939,NA,2.435366204,NA,NA
85,male,22,EnvyAD,Hire,5,6,NA,NA,2,NA,3.64961874,4.115453525,NA,NA,2.960623096,NA
86,male,25,EnvyC,WTP,5,5,NA,NA,NA,7,4.867611371,4.830152047,NA,NA,NA,5.112409386
87,female,35,EnvyAD,Hire,3,7,NA,NA,5,NA,2.869034621,3.401530659,NA,NA,3.401530659,NA
88,female,31,PityAD,Hire,7,5,6,NA,NA,NA,2.615934912,2.59450816,2.332143895,NA,NA,NA
89,male,32,PityAD,WTP,3,6,2,NA,NA,NA,3.740760076,4.101651137,3.2820384,NA,NA,NA
90,male,33,PityAD,Hire,5,6,1,NA,NA,NA,3.158701102,3.438493166,2.215937286,NA,NA,NA
91,male,34,Baseline,WTP,4,5,NA,NA,NA,NA,3.193763124,3.678576561,NA,NA,NA,NA
92,male,25,PityAD,WTP,6,7,5,NA,NA,NA,4.307303088,5.303304908,4.394449155,NA,NA,NA
93,female,45,PityC,WTP,5,6,NA,2,NA,NA,2.636196097,3.392156637,NA,2.18492705,NA,NA
94,male,24,EnvyAD,WTP,5,6,NA,NA,3,NA,3.323596136,3.333632062,NA,NA,3.353756307,NA
95,female,35,Baseline,Hire,6,6,NA,NA,NA,NA,3.261168737,3.312001803,NA,NA,NA,NA
96,male,39,PityC,Hire,6,2,NA,1,NA,NA,4.805086051,4.809660849,NA,4.626148592,NA,NA
97,male,34,PityAD,Hire,5,6,2,NA,NA,NA,3.848444024,3.945457782,3.456316681,NA,NA,NA
98,male,19,EnvyC,Hire,6,6,NA,NA,NA,6,4.617888958,4.615120517,NA,NA,NA,4.617888958
99,male,32,EnvyAD,WTP,6,4,NA,NA,3,NA,3.557631168,3.260785228,NA,NA,2.931193752,NA
100,female,69,PityC,WTP,4,6,NA,2,NA,NA,4.284275979,4.964591356,NA,3.438493166,NA,NA
101,male,26,EnvyC,Hire,6,7,NA,NA,NA,7,3.54240755,3.104138147,NA,NA,NA,3.132882112
102,male,27,PityC,Hire,4,6,NA,2,NA,NA,2.303584593,2.819591576,NA,2.507157259,NA,NA
103,male,25,Baseline,WTP,7,7,NA,NA,NA,NA,5.276327349,5.303304908,NA,NA,NA,NA
104,female,50,EnvyAD,Hire,5,5,NA,NA,7,NA,3.671478939,3.824065727,NA,NA,3.664330581,NA
105,female,26,PityC,Hire,3,5,NA,4,NA,NA,2.118662255,3.438493166,NA,2.529720666,NA,NA
106,female,32,Baseline,Hire,3,6,NA,NA,NA,NA,2.084429083,3.057767664,NA,NA,NA,NA
107,male,34,Baseline,Hire,5,7,NA,NA,NA,NA,3.363495514,3.392156637,NA,NA,NA,NA
108,male,33,PityAD,Hire,5,6,3,NA,NA,NA,3.333632062,4.003690194,2.507157259,NA,NA,NA
109,female,31,EnvyC,Hire,3,7,NA,NA,NA,3,3.373140784,4.252771799,NA,NA,NA,4.092175545
110,male,30,EnvyC,WTP,5,5,NA,NA,NA,5,3.889572877,3.900962058,NA,NA,NA,3.883829271
111,male,29,Baseline,WTP,5,7,NA,NA,NA,NA,2.946016681,3.456316681,NA,NA,NA,NA
112,female,41,PityAD,WTP,6,5,3,NA,NA,NA,3.438493166,2.836736542,2.012232792,NA,NA,NA
113,female,67,EnvyC,WTP,7,5,NA,NA,NA,1,4.645351976,3.923556241,NA,NA,NA,3.003204288
114,female,48,EnvyAD,Hire,3,6,NA,NA,5,NA,3.889572877,4.284275979,NA,NA,4.164803026,NA
115,female,49,PityC,WTP,2,5,NA,1,NA,NA,2.869034621,3.109507288,NA,2.900322089,NA,NA
116,male,34,PityC,Hire,5,6,NA,5,NA,NA,3.993418644,4.110873864,NA,3.799078246,NA,NA
117,female,19,EnvyAD,WTP,7,5,NA,NA,3,NA,4.869839484,4.809660849,NA,NA,4.615120517,NA
118,male,24,Baseline,WTP,4,5,NA,NA,NA,NA,3.720378121,4.115453525,NA,NA,NA,NA
119,male,26,EnvyC,WTP,3,5,NA,NA,NA,4,3.2820384,3.734091797,NA,NA,NA,3.642311818
120,male,30,PityC,WTP,5,6,NA,2,NA,NA,2.915606229,3.474138006,NA,2.385086315,NA,NA
121,male,25,EnvyAD,WTP,5,6,NA,NA,7,NA,2.507157259,3.683615624,NA,NA,3.061520014,NA
122,female,29,Baseline,Hire,6,6,NA,NA,NA,NA,4.421848129,4.425325559,NA,NA,NA,NA
123,male,31,EnvyAD,Hire,6,6,NA,NA,5,NA,3.411147713,3.392156637,NA,NA,3.193763124,NA
124,male,22,EnvyC,Hire,3,6,NA,NA,NA,5,4.164803026,4.628984364,NA,NA,NA,4.800407968
125,female,32,Baseline,WTP,5,6,NA,NA,NA,NA,4.06834276,4.404888304,NA,NA,NA,NA
126,male,28,Baseline,Hire,6,7,NA,NA,NA,NA,3.557631168,3.353756307,NA,NA,NA,NA
127,male,20,PityAD,Hire,7,4,5,NA,NA,NA,2.732417558,2.675527009,2.836736542,NA,NA,NA
128,female,25,EnvyAD,WTP,5,4,NA,NA,5,NA,3.836221292,3.940027202,NA,NA,4.092175545,NA
129,male,35,EnvyC,Hire,6,7,NA,NA,NA,3,3.363495514,3.373140784,NA,NA,NA,3.392156637
130,male,26,PityAD,WTP,6,6,6,NA,NA,NA,4.458756168,4.113002744,3.668931816,NA,NA,NA
131,female,23,EnvyC,Hire,6,7,NA,NA,NA,2,4.634437684,4.809660849,NA,NA,NA,2.915606229
132,male,26,PityC,WTP,6,5,NA,2,NA,NA,4.404888304,4.827833622,NA,2.869034621,NA,NA
133,male,31,PityAD,WTP,6,6,2,NA,NA,NA,3.918005077,4.096841442,3.38269391,NA,NA,NA
134,female,37,PityAD,Hire,6,5,5,NA,NA,NA,3.836221292,3.664330581,3.678576561,NA,NA,NA
135,female,53,EnvyC,WTP,3,7,NA,NA,NA,6,4.190714786,4.984085959,NA,NA,NA,4.631714741
136,male,27,PityC,WTP,3,6,NA,1,NA,NA,3.713572067,4.401338946,NA,3.343568269,NA,NA
137,male,27,EnvyAD,WTP,4,4,NA,NA,4,NA,2.848970892,2.862200881,NA,NA,2.646883766,NA
138,male,22,PityAD,WTP,5,5,3,NA,NA,NA,3.24998682,3.456316681,2.931193752,NA,NA,NA
139,male,21,EnvyAD,WTP,5,7,NA,NA,5,NA,2.048982334,3.343568269,NA,NA,2.768204124,NA
140,male,24,EnvyAD,Hire,3,6,NA,NA,2,NA,3.420346201,4.190714786,NA,NA,4.024100909,NA
141,male,43,PityC,Hire,5,6,NA,1,NA,NA,4.631714741,5.043941113,NA,0,NA,NA
142,male,35,EnvyC,WTP,3,5,NA,NA,NA,4,3.830161979,3.38269391,NA,NA,NA,4.110873864
143,male,52,Baseline,Hire,5,3,NA,NA,NA,NA,4.805086051,4.623501143,NA,NA,NA,NA
144,female,62,EnvyAD,Hire,3,7,NA,NA,5,NA,0,2.819591576,NA,NA,2.385086315,NA
145,male,19,PityAD,Hire,6,5,3,NA,NA,NA,3.392156637,3.323596136,3.456316681,NA,NA,NA
146,male,30,EnvyAD,Hire,6,5,NA,NA,6,NA,2.783157674,2.199444334,NA,NA,2.946016681,NA
147,male,21,PityC,Hire,6,6,NA,5,NA,NA,2.808800104,2.58021683,NA,1.960094784,NA,NA
148,male,36,EnvyAD,Hire,4,7,NA,NA,7,NA,4.106273133,4.809660849,NA,NA,4.637153232,NA
149,prefer not to answer,24,PityC,Hire,3,6,NA,1,NA,NA,3.392156637,3.940027202,NA,2.18492705,NA,NA
150,male,20,EnvyC,WTP,5,7,NA,NA,NA,6,2.900322089,3.134189017,NA,NA,NA,3.573749147
151,male,18,EnvyC,Hire,2,6,NA,NA,NA,2,2.960623096,3.872033997,NA,NA,NA,3.685624161
152,male,25,PityAD,Hire,6,5,5,NA,NA,NA,3.353756307,3.38269391,3.401530659,NA,NA,NA
153,female,44,Baseline,WTP,3,6,NA,NA,NA,NA,4.390986376,5.038509831,NA,NA,NA,NA
154,female,40,PityC,Hire,5,7,NA,1,NA,NA,3.373140784,3.678576561,NA,2.152924318,NA,NA
155,male,47,Baseline,WTP,2,6,NA,NA,NA,NA,3.411147713,3.900962058,NA,NA,NA,NA
156,male,36,Baseline,Hire,3,5,NA,NA,NA,NA,2.507157259,3.353756307,NA,NA,NA,NA
157,male,49,PityC,WTP,3,6,NA,2,NA,NA,3.664330581,4.106273133,NA,3.323596136,NA,NA
158,female,36,PityC,Hire,5,3,NA,1,NA,NA,3.699819394,3.713572067,NA,2.900322089,NA,NA
159,male,54,Baseline,Hire,4,5,NA,NA,NA,NA,3.740760076,4.164803026,NA,NA,NA,NA
160,male,37,PityAD,WTP,6,5,2,NA,NA,NA,3.658935578,3.549904702,3.150596984,NA,NA,NA
161,male,33,Baseline,WTP,5,7,NA,NA,NA,NA,3.664330581,4.124712099,NA,NA,NA,NA
162,male,27,EnvyC,Hire,5,6,NA,NA,NA,6,3.872033997,4.096841442,NA,NA,NA,4.138201945
163,female,25,PityC,WTP,6,6,NA,1,NA,NA,2.946016681,3.678576561,NA,2.152924318,NA,NA
164,male,24,PityAD,WTP,6,7,5,NA,NA,NA,2.931193752,2.435366204,2.931193752,NA,NA,NA
165,female,26,EnvyC,Hire,3,6,NA,NA,NA,3,3.753964701,4.288127958,NA,NA,NA,4.073291153
166,male,52,PityAD,WTP,3,7,2,NA,NA,NA,3.373140784,3.883829271,3.363495514,NA,NA,NA
167,female,34,EnvyAD,Hire,7,7,NA,NA,7,NA,3.392156637,2.989211057,NA,NA,3.017493765,NA
168,male,23,PityAD,Hire,3,5,2,NA,NA,NA,2.048982334,3.713572067,2.385086315,NA,NA,NA
169,female,27,EnvyAD,WTP,3,6,NA,NA,5,NA,2.853015971,3.699819394,NA,NA,3.146305132,NA
170,male,55,PityAD,Hire,7,3,5,NA,NA,NA,3.228033763,2.551786179,2.869034621,NA,NA,NA
171,female,53,PityC,WTP,5,6,NA,1,NA,NA,4.23251103,4.626246512,NA,3.044522438,NA,NA
172,male,31,EnvyAD,WTP,3,5,NA,NA,6,NA,4.401338946,4.634437684,NA,NA,4.81656499,NA
173,male,29,PityAD,WTP,7,7,5,NA,NA,NA,3.363495514,3.64961874,2.975019232,NA,NA,NA
174,female,28,Baseline,Hire,6,6,NA,NA,NA,NA,2.960623096,3.323596136,NA,NA,NA,NA
175,female,33,Baseline,WTP,7,5,NA,NA,NA,NA,3.678576561,3.096934154,NA,NA,NA,NA
176,female,31,EnvyC,WTP,5,6,NA,NA,NA,3,4.623501143,4.811940423,NA,NA,NA,4.968562518
177,male,34,Baseline,WTP,4,4,NA,NA,NA,NA,2.573375298,2.246014742,NA,NA,NA,NA
178,female,20,EnvyC,WTP,6,6,NA,NA,NA,6,3.426215145,2.829087196,NA,NA,NA,2.794839331
179,male,31,PityC,Hire,3,6,NA,2,NA,NA,3.363495514,4.151669629,NA,2.332143895,NA,NA
180,female,43,PityC,WTP,4,6,NA,5,NA,NA,4.779375562,4.98216723,NA,4.628984364,NA,NA
181,male,59,EnvyC,Hire,6,7,NA,NA,NA,3,3.671478939,3.313458467,NA,NA,NA,3.044522438
182,male,32,EnvyAD,Hire,4,4,NA,NA,4,NA,3.699819394,3.727138166,NA,NA,3.699819394,NA
183,male,37,Baseline,Hire,6,4,NA,NA,NA,NA,3.271468275,3.353756307,NA,NA,NA,NA
184,male,31,PityAD,Hire,6,5,3,NA,NA,NA,4.54584472,4.631714741,3.727138166,NA,NA,NA
185,female,44,EnvyAD,WTP,3,6,NA,NA,5,NA,3.680090948,4.519939042,NA,NA,4.088829382,NA
186,female,27,Baseline,WTP,6,5,NA,NA,NA,NA,4.387511565,3.634951112,NA,NA,NA,NA
187,female,43,PityC,WTP,2,6,NA,1,NA,NA,4.092175545,4.811940423,NA,2.931193752,NA,NA
188,male,28,Baseline,Hire,7,6,NA,NA,NA,NA,5.098768264,4.962634818,NA,NA,NA,NA
189,male,37,PityAD,Hire,5,5,3,NA,NA,NA,2.802754137,3.2820384,2.573375298,NA,NA,NA
190,female,29,EnvyC,WTP,5,6,NA,NA,NA,1,2.989211057,3.18221184,NA,NA,NA,2.358965426
191,female,49,EnvyAD,Hire,4,5,NA,NA,2,NA,4.626246512,4.623501143,NA,NA,4.620649757,NA
192,male,54,EnvyAD,WTP,1,7,NA,NA,5,NA,2.385086315,3.373140784,NA,NA,2.975019232,NA
193,male,30,EnvyC,WTP,4,5,NA,NA,NA,6,3.760502198,4.373364224,NA,NA,NA,4.06834276
194,female,62,PityAD,WTP,3,6,2,NA,NA,NA,3.699819394,4.445353485,2.946016681,NA,NA,NA
195,male,54,EnvyC,Hire,5,7,NA,NA,NA,3,3.429460847,4.264649767,NA,NA,NA,3.706719372
196,female,40,PityC,Hire,3,6,NA,1,NA,NA,4.809660849,4.120012309,NA,2.946016681,NA,NA
197,female,49,PityC,WTP,5,6,NA,3,NA,NA,3.657130756,4.110873864,NA,2.551786179,NA,NA
198,female,34,EnvyAD,WTP,6,7,NA,NA,5,NA,3.533394551,3.706719372,NA,NA,3.21647294,NA
199,male,23,Baseline,WTP,6,4,NA,NA,NA,NA,3.678576561,3.228033763,NA,NA,NA,NA
200,male,38,PityAD,WTP,4,6,3,NA,NA,NA,3.642311818,4.082777926,3.003204288,NA,NA,NA
201,male,28,EnvyC,WTP,5,5,NA,NA,NA,7,3.392156637,3.866188469,NA,NA,NA,4.092175545
202,male,26,Baseline,Hire,3,6,NA,NA,NA,NA,3.420346201,3.69262244,NA,NA,NA,NA
203,male,45,EnvyC,Hire,7,6,NA,NA,NA,5,3.642311818,3.923556241,NA,NA,NA,3.411147713
204,male,31,Baseline,WTP,2,6,NA,NA,NA,NA,2.656054906,3.706719372,NA,NA,NA,NA
205,female,62,PityAD,Hire,3,7,2,NA,NA,NA,4.115453525,4.818828898,3.713572067,NA,NA,NA
206,female,31,PityC,Hire,7,6,NA,2,NA,NA,2.636196097,2.989211057,NA,1.832581464,NA,NA
207,female,53,EnvyAD,Hire,6,6,NA,NA,5,NA,3.912222985,3.92907676,NA,NA,3.678576561,NA
208,female,34,EnvyAD,Hire,5,7,NA,NA,5,NA,4.21464295,4.573885896,NA,NA,4.360930671,NA
209,female,31,EnvyC,Hire,6,6,NA,NA,NA,5,2.573375298,2.785628336,NA,NA,NA,2.152924318
210,female,37,PityAD,Hire,6,5,3,NA,NA,NA,4.408303358,4.248638089,3.69262244,NA,NA,NA
211,male,28,PityAD,WTP,6,4,5,NA,NA,NA,4.164803026,3.918005077,3.760502198,NA,NA,NA
212,female,38,EnvyC,WTP,5,7,NA,NA,NA,3,3.438493166,3.760502198,NA,NA,NA,3.699819394
213,female,56,EnvyAD,WTP,3,7,NA,NA,6,NA,2.529720666,3.323596136,NA,NA,2.884800713,NA
214,male,35,PityC,WTP,4,6,NA,2,NA,NA,3.541538866,3.92907676,NA,2.675527009,NA,NA
215,male,39,Baseline,Hire,6,4,NA,NA,NA,NA,4.120012309,3.363495514,NA,NA,NA,NA
216,female,31,PityC,Hire,7,6,NA,2,NA,NA,5.107338443,4.620649757,NA,3.685624161,NA,NA
217,female,26,Baseline,WTP,7,6,NA,NA,NA,NA,2.507157259,2.551786179,NA,NA,NA,NA
218,male,27,PityAD,WTP,5,6,3,NA,NA,NA,2.332143895,2.853015971,2.246014742,NA,NA,NA
219,female,26,EnvyC,WTP,6,5,NA,NA,NA,1,4.008786674,3.706719372,NA,NA,NA,3.740760076
220,male,23,EnvyAD,Hire,4,5,NA,NA,3,NA,4.288127958,4.795790546,NA,NA,4.397899984,NA
221,male,26,PityC,WTP,7,5,NA,1,NA,NA,4.397899984,4.240607069,NA,3.228033763,NA,NA
222,male,35,PityAD,WTP,6,6,3,NA,NA,NA,3.889572877,3.895283681,3.017493765,NA,NA,NA
223,female,22,PityC,Hire,7,4,NA,3,NA,NA,3.429460847,3.420346201,NA,2.675527009,NA,NA
224,male,23,EnvyC,Hire,7,7,NA,NA,NA,5,2.960623096,2.615934912,NA,NA,NA,2.118662255
225,male,28,EnvyAD,WTP,3,7,NA,NA,6,NA,4.087487775,4.428671642,NA,NA,4.373364224,NA
226,male,41,PityAD,Hire,2,7,2,NA,NA,NA,4.096841442,4.106273133,4.096841442,NA,NA,NA
227,male,50,EnvyAD,Hire,7,3,NA,NA,3,NA,4.648038086,4.61234439,NA,NA,4.637153232,NA
228,male,21,EnvyC,WTP,5,6,NA,NA,NA,7,4.762686624,4.800407968,NA,NA,NA,4.867611371
229,female,35,Baseline,WTP,3,5,NA,NA,NA,NA,4.190714786,4.634437684,NA,NA,NA,NA
230,female,33,EnvyC,Hire,5,6,NA,NA,NA,6,3.146305132,3.38269391,NA,NA,NA,3.720378121
231,male,34,PityC,Hire,7,6,NA,3,NA,NA,4.303659606,4.015301355,NA,3.360375387,NA,NA
232,female,51,EnvyAD,WTP,5,5,NA,NA,3,NA,3.121924299,3.604682295,NA,NA,3.411147713,NA
233,male,30,Baseline,Hire,5,6,NA,NA,NA,NA,3.420346201,3.889572877,NA,NA,NA,NA
234,male,30,Baseline,Hire,1,6,NA,NA,NA,NA,3.713572067,3.877845554,NA,NA,NA,NA
235,female,25,Baseline,Hire,6,5,NA,NA,NA,NA,3.69262244,3.64961874,NA,NA,NA,NA
236,male,62,EnvyC,Hire,6,5,NA,NA,NA,2,3.573749147,2.853015971,NA,NA,NA,2.118662255
237,male,24,PityC,Hire,7,6,NA,3,NA,NA,4.087487775,3.956422593,NA,2.946016681,NA,NA
238,female,36,EnvyC,WTP,4,7,NA,NA,NA,7,4.110873864,4.408303358,NA,NA,NA,4.415098676
239,male,21,EnvyAD,Hire,6,7,NA,NA,2,NA,3.499835352,4.138201945,NA,NA,2.853015971,NA
240,NA,20,PityC,WTP,3,7,NA,2,NA,NA,3.940027202,4.524719062,NA,2.246014742,NA,NA
241,female,35,PityAD,Hire,6,3,5,NA,NA,NA,4.825590031,3.044522438,4.115453525,NA,NA,NA
242,male,25,EnvyAD,WTP,3,6,NA,NA,3,NA,3.627535824,4.034063631,NA,NA,3.64961874,NA
243,female,23,PityAD,WTP,6,5,6,NA,NA,NA,2.836736542,3.474138006,3.353756307,NA,NA,NA
244,male,27,Baseline,WTP,6,5,NA,NA,NA,NA,2.768204124,2.215937286,NA,NA,NA,NA
245,female,24,Baseline,WTP,4,7,NA,NA,NA,NA,3.912222985,4.32611744,NA,NA,NA,NA
246,male,34,PityAD,Hire,6,6,7,NA,NA,NA,4.096841442,4.133725519,4.394449155,NA,NA,NA
247,male,33,EnvyAD,Hire,3,7,NA,NA,6,NA,4.120012309,5.224617004,NA,NA,5.107338443,NA
248,male,34,PityC,Hire,5,6,NA,2,NA,NA,4.637153232,4.807376066,NA,4.394449155,NA,NA
249,male,31,EnvyC,WTP,4,7,NA,NA,NA,4,2.960623096,3.003204288,NA,NA,NA,2.931193752
250,female,37,PityC,WTP,5,7,NA,2,NA,NA,3.620065138,4.256746818,NA,1.93441577,NA,NA
251,female,32,PityC,WTP,5,6,NA,1,NA,NA,3.541538866,3.734091797,NA,2.573375298,NA,NA
252,male,37,EnvyAD,WTP,5,6,NA,NA,4,NA,3.685624161,3.69262244,NA,NA,3.699819394,NA
253,female,23,Baseline,Hire,6,5,NA,NA,NA,NA,2.303584593,2.732417558,NA,NA,NA,NA
254,male,41,EnvyC,Hire,6,6,NA,NA,NA,6,4.628984364,4.718409582,NA,NA,NA,4.809660849
255,female,19,Baseline,Hire,6,5,NA,NA,NA,NA,4.307303088,3.260785228,NA,NA,NA,NA
256,male,45,EnvyAD,Hire,6,6,NA,NA,2,NA,2.529720666,3.084200922,NA,NA,2.989211057,NA
257,female,19,EnvyC,Hire,6,6,NA,NA,NA,6,2.310553263,2.413231613,NA,NA,NA,2.808800104
258,male,36,EnvyC,WTP,6,5,NA,NA,NA,2,3.193763124,2.656054906,NA,NA,NA,2.18492705
259,male,31,PityC,Hire,6,7,NA,1,NA,NA,3.699819394,4.096841442,NA,2.18492705,NA,NA
260,male,20,PityAD,Hire,5,7,2,NA,NA,NA,3.747384183,3.420346201,2.900322089,NA,NA,NA
261,female,52,Baseline,WTP,3,5,NA,NA,NA,NA,2.975019232,3.420346201,NA,NA,NA,NA
262,male,30,PityAD,WTP,5,6,4,NA,NA,NA,3.044522438,3.392156637,2.713369363,NA,NA,NA
263,male,25,EnvyAD,WTP,5,7,NA,NA,2,NA,4.807376066,5.303304908,NA,NA,4.966613742,NA
264,male,29,PityAD,WTP,7,7,6,NA,NA,NA,3.491342732,3.912222985,3.685624161,NA,NA,NA
265,male,29,EnvyAD,WTP,5,6,NA,NA,2,NA,4.376888457,4.966613742,NA,NA,4.61234439,NA
266,male,23,PityAD,WTP,6,6,3,NA,NA,NA,3.699819394,4.355425953,2.946016681,NA,NA,NA
267,female,50,PityC,WTP,7,3,NA,2,NA,NA,4.129228964,3.657130756,NA,2.960623096,NA,NA
268,male,53,Baseline,WTP,2,6,NA,NA,NA,NA,3.895283681,4.394449155,NA,NA,NA,NA
269,male,30,EnvyC,WTP,5,6,NA,NA,NA,7,4.106273133,4.617888958,NA,NA,NA,5.079663721
270,female,22,EnvyAD,Hire,4,6,NA,NA,5,NA,3.109507288,3.720378121,NA,NA,3.678576561,NA
271,male,21,PityAD,Hire,6,6,7,NA,NA,NA,4.976319864,4.895448884,5.103882742,NA,NA,NA
272,female,29,PityC,WTP,4,3,NA,4,NA,NA,1.969905655,1.244154594,NA,1.969905655,NA,NA
273,female,50,PityC,Hire,6,5,NA,2,NA,NA,4.092175545,4.073291153,NA,0,NA,NA
274,female,45,Baseline,Hire,6,6,NA,NA,NA,NA,5.303304908,5.303304908,NA,NA,NA,NA
275,male,32,EnvyC,Hire,6,6,NA,NA,NA,2,4.133725519,4.160444364,NA,NA,NA,4.106273133
276,male,27,EnvyC,WTP,5,7,NA,NA,NA,5,1.848454813,2.946016681,NA,NA,NA,1.891604804
277,male,30,EnvyC,Hire,5,6,NA,NA,NA,5,3.824065727,4.351825126,NA,NA,NA,4.480966583
278,female,29,Baseline,WTP,5,6,NA,NA,NA,NA,4.628984364,4.811940423,NA,NA,NA,NA
279,male,42,PityAD,Hire,4,5,3,NA,NA,NA,2.59450816,3.070839746,2.332143895,NA,NA,NA
280,female,22,EnvyAD,Hire,7,5,NA,NA,1,NA,3.923556241,3.541538866,NA,NA,2.884800713,NA
281,male,28,EnvyAD,WTP,4,6,NA,NA,3,NA,3.38269391,3.740760076,NA,NA,2.931193752,NA
282,male,19,PityAD,WTP,6,7,5,NA,NA,NA,3.429460847,4.101651137,3.438493166,NA,NA,NA
283,female,41,Baseline,Hire,3,6,NA,NA,NA,NA,3.866188469,4.373364224,NA,NA,NA,NA
284,male,33,Baseline,WTP,3,6,NA,NA,NA,NA,3.292869505,3.720378121,NA,NA,NA,NA
285,male,46,PityC,Hire,5,6,NA,2,NA,NA,2.694627181,3.872033997,NA,2.303584593,NA,NA
286,male,24,PityC,WTP,7,5,NA,2,NA,NA,3.070839746,2.960623096,NA,2.59450816,NA,NA
287,male,28,EnvyAD,WTP,6,6,NA,NA,5,NA,3.491342732,3.18221184,NA,NA,3.438493166,NA
288,male,27,PityAD,WTP,5,7,3,NA,NA,NA,3.392156637,3.918005077,2.989211057,NA,NA,NA
289,male,24,Baseline,Hire,4,6,NA,NA,NA,NA,4.087487775,4.394449155,NA,NA,NA,NA
290,female,27,EnvyC,Hire,7,6,NA,NA,NA,1,4.092175545,4.096841442,NA,NA,NA,4.096841442
291,male,29,PityAD,Hire,6,5,2,NA,NA,NA,3.533394551,3.363495514,2.636196097,NA,NA,NA
292,male,42,EnvyC,WTP,4,5,NA,NA,NA,2,2.484072969,3.747384183,NA,NA,NA,3.070839746
293,male,30,EnvyAD,Hire,7,6,NA,NA,5,NA,4.891175854,4.499920775,NA,NA,4.264649767,NA
294,male,27,PityC,WTP,4,6,NA,1,NA,NA,2.989211057,3.671478939,NA,0,NA,NA
295,female,22,PityC,Hire,7,7,NA,3,NA,NA,4.151669629,3.848444024,NA,2.931193752,NA,NA
296,male,58,Baseline,Hire,3,6,NA,NA,NA,NA,2.960623096,3.699819394,NA,NA,NA,NA
297,male,25,PityAD,WTP,3,6,3,NA,NA,NA,3.373140784,3.900962058,2.853015971,NA,NA,NA
298,male,24,PityAD,Hire,3,7,1,NA,NA,NA,2.551786179,3.044522438,2.215937286,NA,NA,NA
299,male,22,EnvyC,WTP,6,5,NA,NA,NA,2,3.699819394,3.353756307,NA,NA,NA,2.884800713
300,male,34,PityC,WTP,4,5,NA,4,NA,NA,2.435366204,2.989211057,NA,2.675527009,NA,NA
301,male,22,PityC,Hire,5,6,NA,4,NA,NA,3.854393893,3.967079211,NA,3.38269391,NA,NA
302,male,30,Baseline,WTP,3,5,NA,NA,NA,NA,3.271468275,3.678576561,NA,NA,NA,NA
303,male,30,EnvyAD,WTP,5,6,NA,NA,7,NA,3.303216973,3.508256454,NA,NA,3.343568269,NA
304,female,39,EnvyC,Hire,5,6,NA,NA,NA,3,4.369827527,4.106273133,NA,NA,NA,3.671478939
305,female,39,EnvyC,Hire,6,5,NA,NA,NA,2,4.05386973,3.685624161,NA,NA,NA,2.048982334
306,male,33,PityC,Hire,6,6,NA,2,NA,NA,3.951051392,4.142658423,NA,2.989211057,NA,NA
307,male,53,EnvyAD,Hire,4,6,NA,NA,5,NA,3.134189017,3.508256454,NA,NA,3.549617387,NA
308,male,32,EnvyAD,Hire,6,6,NA,NA,5,NA,3.549617387,3.805328267,NA,NA,3.38269391,NA
309,male,35,PityC,WTP,5,6,NA,3,NA,NA,3.685624161,3.877845554,NA,3.003204288,NA,NA
310,female,34,EnvyC,WTP,5,7,NA,NA,NA,2,3.664330581,4.207673248,NA,NA,NA,2.975019232
311,female,58,PityAD,WTP,5,5,4,NA,NA,NA,4.394449155,4.631714741,4.645351976,NA,NA,NA
312,female,63,EnvyC,WTP,5,7,NA,NA,NA,3,3.915417238,4.617888958,NA,NA,NA,3.673765816
313,female,28,Baseline,WTP,6,6,NA,NA,NA,NA,3.896909368,3.992680908,NA,NA,NA,NA
314,male,23,PityAD,Hire,5,7,1,NA,NA,NA,3.373140784,3.912222985,2.946016681,NA,NA,NA
315,male,29,PityAD,Hire,5,6,1,NA,NA,NA,3.313458467,3.363495514,2.884800713,NA,NA,NA
316,male,24,EnvyAD,WTP,4,6,NA,NA,5,NA,3.685624161,4.383899879,NA,NA,3.664330581,NA
317,female,32,Baseline,Hire,6,5,NA,NA,NA,NA,4.383525511,4.158883083,NA,NA,NA,NA
318,female,33,PityAD,Hire,5,6,2,NA,NA,NA,4.617888958,4.818828898,4.394449155,NA,NA,NA
319,female,56,PityAD,WTP,5,5,4,NA,NA,NA,3.951051392,4.240607069,4.06834276,NA,NA,NA
320,female,72,EnvyAD,WTP,6,6,NA,NA,7,NA,2.884800713,2.869034621,NA,NA,2.869034621,NA
321,male,32,PityC,Hire,2,6,NA,1,NA,NA,1.477048724,3.031099417,NA,0,NA,NA
322,female,24,EnvyAD,Hire,4,7,NA,NA,6,NA,3.753964701,4.477791257,NA,NA,3.727138166,NA
323,male,26,Baseline,WTP,3,7,NA,NA,NA,NA,3.499835352,4.809660849,NA,NA,NA,NA
324,male,33,EnvyC,Hire,5,7,NA,NA,NA,2,2.819591576,3.260785228,NA,NA,NA,2.332143895
325,male,29,Baseline,Hire,6,5,NA,NA,NA,NA,2.884800713,2.869034621,NA,NA,NA,NA
326,female,46,PityAD,WTP,3,5,3,NA,NA,NA,4.268577942,4.821087692,3.906608373,NA,NA,NA
327,male,27,PityC,WTP,4,6,NA,1,NA,NA,0.989541194,4.268577942,NA,0,NA,NA
328,female,30,Baseline,Hire,5,6,NA,NA,NA,NA,4.142658423,4.661455997,NA,NA,NA,NA
329,female,69,PityC,WTP,3,6,NA,1,NA,NA,4.092175545,4.620649757,NA,3.657130756,NA,NA
330,male,25,EnvyAD,Hire,4,5,NA,NA,5,NA,2.484072969,3.18221184,NA,NA,2.713369363,NA
331,female,51,EnvyC,WTP,5,6,NA,NA,NA,2,3.940027202,3.044522438,NA,NA,NA,3.447444633
332,female,60,Baseline,WTP,5,6,NA,NA,NA,NA,3.353756307,3.401530659,NA,NA,NA,NA
333,male,35,PityC,Hire,6,7,NA,2,NA,NA,4.388505601,4.791815714,NA,3.640476715,NA,NA
334,female,34,PityC,WTP,4,4,NA,4,NA,NA,3.678576561,3.671478939,NA,3.685624161,NA,NA
335,female,37,EnvyC,Hire,5,7,NA,NA,NA,1,2.975019232,2.946016681,NA,NA,NA,2.931193752
336,female,50,EnvyC,Hire,5,6,NA,NA,NA,2,3.38269391,3.581572601,NA,NA,NA,3.642311818
337,female,22,Baseline,Hire,1,7,NA,NA,NA,NA,1.756132292,3.323596136,NA,NA,NA,NA
338,female,35,EnvyAD,WTP,2,6,NA,NA,2,NA,2.900322089,3.766997233,NA,NA,3.411147713,NA
339,male,22,PityAD,WTP,5,5,3,NA,NA,NA,3.685624161,4.268577942,3.895283681,NA,NA,NA
340,male,,Baseline,Hire,1,7,NA,NA,NA,NA,1.539015448,3.2820384,NA,NA,NA,NA
341,male,27,Baseline,WTP,7,5,NA,NA,NA,NA,3.465423354,3.057767664,NA,NA,NA,NA
342,female,34,EnvyC,WTP,6,5,NA,NA,NA,1,4.106273133,4.295787687,NA,NA,NA,3.727138166
343,male,52,PityAD,Hire,4,6,5,NA,NA,NA,3.070839746,3.508256454,3.044522438,NA,NA,NA
344,male,26,PityC,Hire,6,2,NA,3,NA,NA,3.363495514,2.915606229,NA,2.931193752,NA,NA
345,male,25,EnvyC,WTP,7,6,NA,NA,NA,6,3.541538866,3.817932082,NA,NA,NA,4.264649767
346,male,22,EnvyC,Hire,5,5,NA,NA,NA,3,4.019082078,4.014037931,NA,NA,NA,3.940027202
347,female,65,PityC,WTP,6,7,NA,3,NA,NA,4.408303358,4.807376066,NA,3.671478939,NA,NA
348,male,31,EnvyAD,WTP,5,5,NA,NA,6,NA,3.549617387,3.401530659,NA,NA,3.786459782,NA
349,female,69,EnvyAD,Hire,3,7,NA,NA,7,NA,3.420346201,3.848444024,NA,NA,3.836221292,NA
350,female,39,EnvyC,Hire,5,6,NA,NA,NA,3,3.699819394,4.078045789,NA,NA,NA,2.900322089
351,female,20,EnvyAD,Hire,7,6,NA,NA,5,NA,2.946016681,2.869034621,NA,NA,2.931193752,NA
352,female,30,PityC,Hire,7,6,NA,3,NA,NA,3.383372797,3.151453149,NA,2.135349174,NA,NA
353,male,30,Baseline,Hire,6,5,NA,NA,NA,NA,3.549617387,3.38269391,NA,NA,NA,NA
354,male,26,Baseline,WTP,7,7,NA,NA,NA,NA,2.385086315,2.385086315,NA,NA,NA,NA
355,male,41,PityAD,WTP,7,5,6,NA,NA,NA,2.802754137,2.459588842,2.410542234,NA,NA,NA
356,other,36,PityC,Hire,5,2,NA,1,NA,NA,2.215937286,3.895283681,NA,1.539015448,NA,NA
357,female,42,PityAD,WTP,6,3,5,NA,NA,NA,3.720378121,3.533394551,3.401530659,NA,NA,NA
358,female,47,PityAD,Hire,4,6,3,NA,NA,NA,3.24998682,4.120012309,2.915606229,NA,NA,NA
359,male,20,Baseline,WTP,4,6,NA,NA,NA,NA,3.18221184,3.24998682,NA,NA,NA,NA
360,female,24,PityAD,Hire,6,5,2,NA,NA,NA,3.303216973,3.64961874,2.931193752,NA,NA,NA
361,female,33,EnvyAD,Hire,6,6,NA,NA,5,NA,2.483238593,1.974081026,NA,NA,2.410542234,NA
362,male,32,EnvyC,WTP,4,6,NA,NA,NA,5,3.438493166,4.21597205,NA,NA,NA,3.877845554
363,male,26,PityAD,Hire,7,5,2,NA,NA,NA,2.615934912,2.410542234,1.93441577,NA,NA,NA
364,female,54,EnvyAD,WTP,3,6,NA,NA,5,NA,3.313458467,3.900962058,NA,NA,3.64961874,NA
365,female,25,Baseline,Hire,5,4,NA,NA,NA,NA,3.420346201,3.303216973,NA,NA,NA,NA
366,female,33,PityC,WTP,6,7,NA,2,NA,NA,3.392156637,4.096841442,NA,2.946016681,NA,NA
367,male,21,PityC,WTP,5,7,NA,1,NA,NA,3.38269391,4.110873864,NA,2.931193752,NA,NA
368,male,24,EnvyC,WTP,3,7,NA,NA,NA,5,4.387511565,5.031156617,NA,NA,NA,4.620649757
369,female,27,EnvyAD,Hire,6,5,NA,NA,2,NA,3.401530659,3.549617387,NA,NA,3.21647294,NA
370,male,37,PityC,Hire,5,6,NA,3,NA,NA,2.900322089,3.401530659,NA,2.853015971,NA,NA
371,female,25,PityAD,WTP,6,4,7,NA,NA,NA,NA,3.834493803,4.228584037,NA,NA,NA
372,male,32,Baseline,WTP,5,5,NA,NA,NA,NA,5.303304908,5.303304908,NA,NA,NA,NA
373,male,37,Baseline,WTP,3,6,NA,NA,NA,NA,3.017493765,4.110873864,NA,NA,NA,NA
374,male,29,PityAD,Hire,5,6,3,NA,NA,NA,4.014037931,4.264649767,3.323596136,NA,NA,NA
375,female,61,EnvyC,Hire,2,6,NA,NA,NA,2,4.617888958,4.623501143,NA,NA,NA,4.606669062
376,male,37,EnvyAD,WTP,6,5,NA,NA,1,NA,3.313458467,3.260785228,NA,NA,3.411147713,NA
377,male,27,EnvyAD,WTP,5,6,NA,NA,5,NA,3.766997233,4.115453525,NA,NA,3.740760076,NA
378,male,37,Baseline,Hire,7,6,NA,NA,NA,NA,5.303304908,5.204720718,NA,NA,NA,NA
379,male,46,PityC,Hire,4,3,NA,6,NA,NA,4.236567243,3.940027202,NA,4.408303358,NA,NA
380,male,25,EnvyC,WTP,5,7,NA,NA,NA,6,3.792788918,4.441945125,NA,NA,NA,4.620649757
381,female,25,PityAD,WTP,5,6,2,NA,NA,NA,3.313458467,3.627535824,2.750470917,NA,NA,NA
382,female,32,PityC,WTP,6,5,NA,2,NA,NA,4.908676394,4.456670178,NA,4.07022262,NA,NA
383,male,30,Baseline,Hire,4,6,NA,NA,NA,NA,4.096841442,4.617888958,NA,NA,NA,NA
384,female,23,EnvyC,Hire,6,6,NA,NA,NA,5,3.694364384,3.569814347,NA,NA,NA,3.591542221
385,female,38,Baseline,WTP,7,6,NA,NA,NA,NA,4.634437684,4.628984364,NA,NA,NA,NA
386,female,30,PityAD,WTP,5,5,3,NA,NA,NA,2.713369363,3.491342732,2.884800713,NA,NA,NA
387,female,28,PityAD,Hire,6,5,2,NA,NA,NA,2.956991445,2.76757618,2.550226116,NA,NA,NA
388,male,55,EnvyC,Hire,5,7,NA,NA,NA,3,3.343568269,3.92907676,NA,NA,NA,4.120012309
389,male,25,EnvyAD,WTP,3,6,NA,NA,4,NA,4.589650374,4.930581475,NA,NA,4.809660849,NA
390,female,30,PityC,Hire,5,7,NA,2,NA,NA,3.373140784,3.671478939,NA,2.084429083,NA,NA
391,male,28,Baseline,Hire,6,6,NA,NA,NA,NA,3.313458467,3.323596136,NA,NA,NA,NA
392,male,26,EnvyAD,Hire,6,7,NA,NA,7,NA,NA,3.560761951,NA,NA,3.504355474,NA
393,male,32,EnvyC,WTP,2,6,NA,NA,NA,3,1.088561953,3.260785228,NA,NA,NA,2.358965426
394,female,45,PityC,WTP,5,7,NA,1,NA,NA,3.491342732,3.38269391,NA,2.332143895,NA,NA
395,female,39,PityC,Hire,6,7,NA,2,NA,NA,3.769767958,3.948354935,NA,2.554899022,NA,NA
396,female,31,PityAD,Hire,7,5,6,NA,NA,NA,4.471410196,4.964591356,4.404888304,NA,NA,NA
397,female,35,EnvyAD,WTP,5,5,NA,NA,3,NA,3.482777369,2.946016681,NA,NA,3.044522438,NA
398,male,53,PityC,WTP,5,7,NA,1,NA,NA,3.549617387,3.727138166,NA,3.18221184,NA,NA
399,male,20,EnvyC,Hire,4,5,NA,NA,NA,3,3.713572067,3.353756307,NA,NA,NA,2.960623096
400,male,20,Baseline,WTP,6,5,NA,NA,NA,NA,3.727138166,4.05386973,NA,NA,NA,NA
401,male,23,EnvyC,WTP,4,5,NA,NA,NA,4,3.604682295,4.186467851,NA,NA,NA,4.224202549
402,male,32,PityC,Hire,7,5,NA,1,NA,NA,4.115453525,3.895283681,NA,3.363495514,NA,NA
403,male,28,EnvyC,Hire,3,6,NA,NA,NA,1,3.900962058,4.264649767,NA,NA,NA,2.869034621
404,female,34,PityAD,WTP,6,6,3,NA,NA,NA,4.351825126,4.631714741,4.147095128,NA,NA,NA
405,male,27,Baseline,Hire,5,6,NA,NA,NA,NA,3.401530659,3.657130756,NA,NA,NA,NA
406,male,35,Baseline,WTP,3,6,NA,NA,NA,NA,3.92907676,4.438643235,NA,NA,NA,NA
407,male,28,Baseline,Hire,5,6,NA,NA,NA,NA,3.678576561,4.082777926,NA,NA,NA,NA
408,female,32,Baseline,WTP,3,5,NA,NA,NA,NA,3.671478939,3.671478939,NA,NA,NA,NA
409,female,35,PityAD,Hire,5,7,4,NA,NA,NA,4.836837308,5.286345995,4.64265863,NA,NA,NA
410,male,26,PityAD,Hire,5,6,4,NA,NA,NA,3.343568269,3.353756307,3.313458467,NA,NA,NA
411,female,55,EnvyAD,WTP,5,7,NA,NA,5,NA,4.628984364,5.031156617,NA,NA,4.733387484,NA
412,male,36,PityC,WTP,5,5,NA,1,NA,NA,3.699819394,3.260785228,NA,1.974081026,NA,NA
413,male,23,EnvyAD,Hire,5,6,NA,NA,3,NA,2.048982334,3.333632062,NA,NA,2.332143895,NA
414,female,39,PityAD,WTP,4,7,1,NA,NA,NA,3.685624161,5.303304908,2.869034621,NA,NA,NA
415,female,27,PityC,Hire,7,7,NA,5,NA,NA,3.872033997,4.082777926,NA,3.420346201,NA,NA
416,male,40,EnvyC,Hire,6,6,NA,NA,NA,4,4.524719062,4.620649757,NA,NA,NA,4.615120517
417,male,27,PityAD,WTP,5,5,6,NA,NA,NA,3.589335324,3.438493166,3.69262244,NA,NA,NA
418,male,18,EnvyAD,Hire,5,5,NA,NA,6,NA,1.848454813,2.768204124,NA,NA,2.410542234,NA
419,female,29,EnvyAD,WTP,6,7,NA,NA,5,NA,2.884800713,3.205182498,NA,NA,2.275213896,NA
420,female,31,EnvyC,Hire,5,7,NA,NA,NA,3,2.785628336,2.931193752,NA,NA,NA,2.975019232
421,male,25,EnvyC,WTP,3,5,NA,NA,NA,2,2.084429083,2.960623096,NA,NA,NA,2.358965426
422,male,43,PityC,Hire,4,6,NA,1,NA,NA,4.082777926,4.606669062,NA,3.685624161,NA,NA
423,female,35,Baseline,Hire,5,7,NA,NA,NA,NA,3.895283681,4.397899984,NA,NA,NA,NA
424,male,34,PityAD,Hire,4,6,4,NA,NA,NA,3.228033763,4.110873864,2.946016681,NA,NA,NA
425,male,42,Baseline,WTP,5,6,NA,NA,NA,NA,3.392156637,3.713572067,NA,NA,NA,NA
426,female,30,EnvyC,Hire,7,6,NA,NA,NA,2,3.836221292,3.392156637,NA,NA,NA,2.275213896
427,female,35,PityC,Hire,5,6,NA,2,NA,NA,3.533394551,3.64961874,NA,1.848454813,NA,NA
428,male,22,Baseline,WTP,5,5,NA,NA,NA,NA,3.096934154,3.044522438,NA,NA,NA,NA
429,female,25,EnvyAD,Hire,7,5,NA,NA,4,NA,3.918005077,3.678576561,NA,NA,3.401530659,NA
430,male,29,PityC,WTP,5,7,NA,1,NA,NA,2.435366204,2.931193752,NA,2.275213896,NA,NA
431,female,40,EnvyAD,WTP,7,6,NA,NA,5,NA,3.69262244,3.363495514,NA,NA,3.401530659,NA
432,female,30,Baseline,Hire,6,7,NA,NA,NA,NA,4.024100909,4.110873864,NA,NA,NA,NA
433,male,34,PityAD,WTP,6,7,5,NA,NA,NA,3.516904189,3.900962058,3.438493166,NA,NA,NA
434,female,64,EnvyAD,Hire,7,3,NA,NA,2,NA,3.373140784,2.819591576,NA,NA,2.819591576,NA
435,male,27,EnvyC,Hire,7,5,NA,NA,NA,2,3.565864003,3.533394551,NA,NA,NA,3.003204288
436,male,41,PityAD,Hire,5,5,3,NA,NA,NA,4.169142772,4.615120517,3.699819394,NA,NA,NA
437,female,36,PityC,WTP,6,5,NA,2,NA,NA,3.557631168,3.205182498,NA,2.819591576,NA,NA
438,female,26,Baseline,WTP,5,6,NA,NA,NA,NA,4.092175545,4.623501143,NA,NA,NA,NA
439,female,33,PityC,WTP,7,6,NA,2,NA,NA,4.394449155,3.93456697,NA,2.869034621,NA,NA
440,female,25,EnvyAD,WTP,4,5,NA,NA,3,NA,3.69262244,3.866188469,NA,NA,3.392156637,NA
441,female,45,EnvyAD,WTP,5,7,NA,NA,3,NA,4.260706099,4.138201945,NA,NA,4.106273133,NA
442,male,22,EnvyAD,Hire,5,6,NA,NA,5,NA,3.671478939,4.092175545,NA,NA,3.685624161,NA
443,male,24,PityAD,Hire,6,5,3,NA,NA,NA,4.087487775,3.671478939,3.292869505,NA,NA,NA
444,female,22,EnvyC,WTP,6,6,NA,NA,NA,5,4.631519961,4.553876892,NA,NA,NA,4.390366759
445,male,29,EnvyAD,Hire,3,7,NA,NA,5,NA,4.628984364,4.779375562,NA,NA,3.912222985,NA
446,male,28,PityAD,Hire,7,7,2,NA,NA,NA,3.872033997,4.390986376,2.989211057,NA,NA,NA
447,male,32,PityC,Hire,5,6,NA,2,NA,NA,3.411147713,3.69262244,NA,2.931193752,NA,NA
448,female,27,EnvyC,WTP,4,6,NA,NA,NA,4,4.397899984,4.637153232,NA,NA,NA,4.821087692
449,female,25,Baseline,WTP,5,7,NA,NA,NA,NA,2.675527009,3.38269391,NA,NA,NA,NA
450,female,25,EnvyC,WTP,5,5,NA,NA,NA,3,2.900322089,3.353756307,NA,NA,NA,2.989211057
451,male,30,PityC,Hire,5,6,NA,2,NA,NA,3.193763124,3.474138006,NA,2.303584593,NA,NA
452,female,20,EnvyAD,WTP,6,7,NA,NA,4,NA,2.048982334,2.960623096,NA,NA,2.18492705,NA
453,male,28,EnvyAD,WTP,3,6,NA,NA,5,NA,2.869034621,3.313458467,NA,NA,3.121924299,NA
454,female,24,EnvyC,WTP,3,5,NA,NA,NA,6,2.18492705,3.373140784,NA,NA,NA,3.343568269
455,female,22,PityAD,WTP,6,5,7,NA,NA,NA,4.521679875,4.106273133,4.964591356,NA,NA,NA
456,female,41,Baseline,Hire,7,6,NA,NA,NA,NA,4.003690194,3.923556241,NA,NA,NA,NA
457,male,34,Baseline,WTP,2,7,NA,NA,NA,NA,1.40854497,3.575430762,NA,NA,NA,NA
458,female,26,PityAD,WTP,3,5,3,NA,NA,NA,4.81656499,5.303304908,4.394449155,NA,NA,NA
459,female,32,PityAD,WTP,7,6,3,NA,NA,NA,3.573749147,3.205182498,2.636196097,NA,NA,NA
460,female,34,Baseline,Hire,5,6,NA,NA,NA,NA,2.385086315,3.044522438,NA,NA,NA,NA
461,male,39,EnvyC,Hire,3,5,NA,NA,NA,3,3.044522438,3.017493765,NA,NA,NA,2.946016681
462,female,29,PityC,WTP,5,7,NA,3,NA,NA,3.109507288,3.877845554,NA,2.215937286,NA,NA
463,male,23,Baseline,WTP,5,6,NA,NA,NA,NA,3.64961874,4.029094677,NA,NA,NA,NA
464,male,33,PityC,Hire,4,6,NA,1,NA,NA,3.429460847,4.101651137,NA,2.507157259,NA,NA
465,male,43,PityAD,Hire,6,5,5,NA,NA,NA,3.353756307,3.685624161,2.960623096,NA,NA,NA
466,male,38,EnvyC,WTP,3,5,NA,NA,NA,3,3.69262244,4.101651137,NA,NA,NA,3.900962058
467,female,62,EnvyAD,Hire,3,6,NA,NA,5,NA,4.809660849,4.825590031,NA,NA,4.821087692,NA
468,male,28,PityAD,Hire,7,3,3,NA,NA,NA,3.614425268,3.681603045,3.239462458,NA,NA,NA
469,male,24,EnvyC,Hire,5,7,NA,NA,NA,6,4.142658423,4.280409105,NA,NA,NA,4.569439376
470,male,49,PityC,WTP,5,5,NA,3,NA,NA,2.884800713,3.353756307,NA,2.012232792,NA,NA
471,male,21,PityAD,WTP,4,4,2,NA,NA,NA,3.918005077,4.082777926,2.946016681,NA,NA,NA
472,male,32,EnvyC,WTP,4,7,NA,NA,NA,3,4.092175545,4.623501143,NA,NA,NA,4.401338946
473,male,33,EnvyAD,Hire,3,6,NA,NA,3,NA,3.69262244,4.394449155,NA,NA,4.092175545,NA
474,male,22,Baseline,Hire,4,5,NA,NA,NA,NA,3.499835352,3.499835352,NA,NA,NA,NA
475,male,28,PityC,Hire,4,6,NA,2,NA,NA,2.884800713,3.363495514,NA,2.246014742,NA,NA
476,male,32,EnvyAD,WTP,2,6,NA,NA,5,NA,3.678576561,4.61234439,NA,NA,4.536784273,NA
477,male,56,EnvyC,Hire,7,5,NA,NA,NA,5,3.664330581,3.373140784,NA,NA,NA,3.401530659
478,male,45,PityC,WTP,4,7,NA,1,NA,NA,3.727138166,4.394449155,NA,2.975019232,NA,NA
479,male,28,PityAD,WTP,6,6,5,NA,NA,NA,3.313458467,3.678576561,3.239070532,NA,NA,NA
480,female,56,Baseline,Hire,4,6,NA,NA,NA,NA,4.628984364,4.818828898,NA,NA,NA,NA
481,male,29,PityC,Hire,5,6,NA,3,NA,NA,3.392156637,3.923556241,NA,2.960623096,NA,NA
482,female,51,EnvyC,WTP,5,6,NA,NA,NA,3,5.038509831,5.047609897,NA,NA,NA,5.114094002
483,female,21,PityC,Hire,6,7,NA,2,NA,NA,2.884800713,3.343568269,NA,2.275213896,NA,NA
484,male,30,Baseline,WTP,5,5,NA,NA,NA,NA,3.993418644,3.657130756,NA,NA,NA,NA
485,female,64,EnvyAD,WTP,3,7,NA,NA,6,NA,2.989211057,4.101651137,NA,NA,3.918005077,NA
486,female,23,EnvyC,WTP,4,5,NA,NA,NA,3,4.380400313,4.924496264,NA,NA,NA,5.098768264
487,male,29,EnvyAD,WTP,5,7,NA,NA,6,NA,3.482777369,3.918005077,NA,NA,3.438493166,NA
488,male,28,EnvyAD,Hire,6,7,NA,NA,2,NA,4.21597205,4.615120517,NA,NA,4.087487775,NA
489,female,43,Baseline,WTP,3,5,NA,NA,NA,NA,4.408303358,4.631714741,NA,NA,NA,NA
490,female,27,PityAD,WTP,3,7,1,NA,NA,NA,3.900962058,4.814214813,3.401530659,NA,NA,NA
491,male,31,EnvyC,Hire,5,7,NA,NA,NA,1,3.146305132,3.323596136,NA,NA,NA,2.975019232
492,female,27,Baseline,Hire,6,3,NA,NA,NA,NA,4.6929063,4.891175854,NA,NA,NA,NA
493,female,27,EnvyAD,Hire,5,5,NA,NA,6,NA,5.029326193,4.876265455,NA,NA,5.137561588,NA
494,male,24,PityC,Hire,5,7,NA,4,NA,NA,4.809660849,5.303304908,NA,4.401338946,NA,NA
495,female,30,Baseline,WTP,5,6,NA,NA,NA,NA,3.720378121,4.418479097,NA,NA,NA,NA
496,male,21,EnvyAD,WTP,5,7,NA,NA,3,NA,4.101651137,4.252771799,NA,NA,4.49367981,NA
497,female,33,EnvyC,Hire,7,6,NA,NA,NA,3,3.664330581,3.86030857,NA,NA,NA,3.003204288
498,female,26,Baseline,Hire,3,7,NA,NA,NA,NA,2.768204124,3.438493166,NA,NA,NA,NA
499,female,49,EnvyC,WTP,5,7,NA,NA,NA,1,2.931193752,3.671478939,NA,NA,NA,2.410542234
500,female,34,PityAD,WTP,5,6,3,NA,NA,NA,4.669364898,4.960674445,4.082777926,NA,NA,NA
501,male,27,PityAD,Hire,5,7,2,NA,NA,NA,3.353756307,3.685624161,2.750470917,NA,NA,NA
502,male,59,PityAD,WTP,2,6,1,NA,NA,NA,1.891604804,3.134189017,2.012232792,NA,NA,NA
503,male,31,EnvyAD,WTP,2,7,NA,NA,6,NA,3.678576561,4.645351976,NA,NA,4.380400313,NA
504,female,46,PityC,WTP,7,6,NA,1,NA,NA,3.685624161,3.685624161,NA,2.18492705,NA,NA
505,female,52,PityC,Hire,4,5,NA,3,NA,NA,4.164803026,4.408303358,NA,3.811760583,NA,NA
506,female,32,EnvyAD,Hire,3,6,NA,NA,6,NA,3.657130756,4.21597205,NA,NA,4.087487775,NA
507,male,48,EnvyC,WTP,6,6,NA,NA,NA,3,3.678576561,3.657130756,NA,NA,NA,2.869034621
508,female,22,PityC,WTP,5,5,NA,3,NA,NA,3.205182498,3.227637331,NA,3.057767664,NA,NA
509,female,36,EnvyC,Hire,6,6,NA,NA,NA,1,3.185112195,3.449987546,NA,NA,NA,2.648300197
510,male,33,PityC,Hire,7,6,NA,3,NA,NA,4.236567243,3.634951112,NA,3.499835352,NA,NA
511,male,43,EnvyAD,WTP,3,5,NA,NA,4,NA,4.088829382,4.466367783,NA,NA,3.672750072,NA
512,male,28,EnvyC,Hire,7,5,NA,NA,NA,1,2.931193752,2.459588842,NA,NA,NA,1.264126727
513,male,30,PityAD,Hire,5,7,2,NA,NA,NA,3.69262244,3.664330581,2.915606229,NA,NA,NA
514,female,36,Baseline,WTP,5,5,NA,NA,NA,NA,3.533394551,3.21647294,NA,NA,NA,NA
515,female,40,Baseline,Hire,5,7,NA,NA,NA,NA,4.645351976,5.216998845,NA,NA,NA,NA
516,male,32,EnvyC,WTP,5,6,NA,NA,NA,5,3.92907676,4.268577942,NA,NA,NA,4.390986376
517,female,24,Baseline,Hire,3,5,NA,NA,NA,NA,2.750470917,3.657130756,NA,NA,NA,NA
518,female,34,EnvyAD,Hire,6,4,NA,NA,4,NA,2.884800713,2.435366204,NA,NA,2.529720666,NA
519,female,43,Baseline,WTP,3,5,NA,NA,NA,NA,3.533394551,3.685624161,NA,NA,NA,NA
520,male,41,Baseline,WTP,3,6,NA,NA,NA,NA,3.170525564,3.429460847,NA,NA,NA,NA
521,female,34,PityAD,WTP,6,6,6,NA,NA,NA,3.549617387,3.657130756,3.353756307,NA,NA,NA
522,male,27,PityC,WTP,4,6,NA,2,NA,NA,2.551786179,3.59703825,NA,2.275213896,NA,NA
523,female,45,PityC,WTP,4,7,NA,1,NA,NA,3.2820384,3.465423354,NA,2.435366204,NA,NA
524,female,22,PityAD,Hire,3,7,2,NA,NA,NA,4.397899984,4.628984364,4.120012309,NA,NA,NA
525,male,23,PityAD,WTP,4,7,3,NA,NA,NA,3.678576561,4.397899984,3.303216973,NA,NA,NA
526,female,38,Baseline,Hire,7,2,NA,NA,NA,NA,2.768204124,2.048982334,NA,NA,NA,NA
527,male,55,PityC,Hire,6,5,NA,2,NA,NA,3.465423354,3.401530659,NA,2.303584593,NA,NA
528,female,25,EnvyC,WTP,5,6,NA,NA,NA,5,4.438643235,4.690338198,NA,NA,NA,4.397899984
529,male,40,EnvyAD,Hire,3,6,NA,NA,5,NA,4.101651137,4.944780351,NA,NA,4.639958011,NA
530,female,27,EnvyAD,WTP,3,7,NA,NA,2,NA,3.392156637,3.565864003,NA,NA,2.915606229,NA
531,female,45,EnvyAD,Hire,6,5,NA,NA,5,NA,3.533394551,3.474138006,NA,NA,3.392156637,NA
532,female,53,PityAD,WTP,4,5,4,NA,NA,NA,4.101651137,4.268577942,4.092175545,NA,NA,NA
533,male,30,EnvyAD,WTP,5,5,NA,NA,5,NA,3.85756682,3.910221383,NA,NA,3.966889907,NA
534,male,23,EnvyC,Hire,4,6,NA,NA,NA,2,3.017493765,3.447444633,NA,NA,NA,3.38269391
535,male,42,Baseline,Hire,6,7,NA,NA,NA,NA,3.889572877,4.003690194,NA,NA,NA,NA
536,male,33,EnvyC,WTP,2,6,NA,NA,NA,3,3.956422593,4.432006567,NA,NA,NA,4.631714741
537,male,25,PityAD,Hire,6,7,6,NA,NA,NA,2.656054906,2.785628336,2.551786179,NA,NA,NA
538,female,32,EnvyC,Hire,5,6,NA,NA,NA,3,2.358965426,3.109507288,NA,NA,NA,2.410542234
539,female,41,PityC,Hire,5,7,NA,2,NA,NA,4.096841442,4.713306845,NA,2.960623096,NA,NA
540,female,32,Baseline,WTP,3,7,NA,NA,NA,NA,0.879626748,2.152924318,NA,NA,NA,NA
541,male,29,EnvyC,WTP,5,7,NA,NA,NA,1,3.429460847,3.799078246,NA,NA,NA,3.363495514
542,male,28,Baseline,WTP,3,6,NA,NA,NA,NA,3.836221292,4.101651137,NA,NA,NA,NA
543,male,19,Baseline,Hire,5,7,NA,NA,NA,NA,3.923556241,4.264649767,NA,NA,NA,NA
544,female,33,EnvyAD,WTP,5,5,NA,NA,5,NA,4.623501143,4.628984364,NA,NA,4.626246512,NA
545,male,30,EnvyC,Hire,3,6,NA,NA,NA,3,4.628984364,4.970507503,NA,NA,NA,4.805086051
546,male,38,PityAD,WTP,4,6,2,NA,NA,NA,4.397899984,4.809660849,3.699819394,NA,NA,NA
547,male,31,PityC,WTP,5,6,NA,2,NA,NA,3.883829271,4.620649757,NA,2.084429083,NA,NA
548,female,47,PityAD,WTP,5,6,5,NA,NA,NA,3.044522438,2.946016681,2.960623096,NA,NA,NA
549,female,19,PityC,Hire,3,6,NA,2,NA,NA,3.411147713,3.951051392,NA,2.385086315,NA,NA
550,female,34,PityC,Hire,6,5,NA,3,NA,NA,3.482777369,2.946016681,NA,2.385086315,NA,NA
551,female,26,EnvyAD,WTP,5,7,NA,NA,5,NA,3.228033763,3.713572067,NA,NA,3.447444633,NA
552,male,22,PityAD,Hire,7,3,5,NA,NA,NA,3.24998682,3.429460847,2.931193752,NA,NA,NA
553,female,59,PityC,WTP,6,5,NA,2,NA,NA,4.133725519,4.620649757,NA,3.193763124,NA,NA
554,male,30,Baseline,Hire,2,6,NA,NA,NA,NA,3.725934362,4.354783898,NA,NA,NA,NA
555,male,,Baseline,WTP,4,4,NA,NA,NA,NA,3.671478939,3.740760076,NA,NA,NA,NA
556,male,34,EnvyAD,Hire,4,4,NA,NA,4,NA,3.687127921,3.755369195,NA,NA,3.781458635,NA
557,male,38,PityC,WTP,6,6,NA,3,NA,NA,4.264649767,4.623501143,NA,4.096841442,NA,NA
558,female,40,EnvyAD,Hire,7,5,NA,NA,3,NA,5.303304908,5.215479088,NA,NA,5.218516296,NA
559,male,32,EnvyC,WTP,5,5,NA,NA,NA,4,3.096934154,3.271468275,NA,NA,NA,2.551786179
560,male,27,PityAD,Hire,6,6,1,NA,NA,NA,3.017493765,3.420346201,2.529720666,NA,NA,NA
561,male,20,Baseline,WTP,3,7,NA,NA,NA,NA,3.988243031,4.284275979,NA,NA,NA,NA
562,female,38,PityAD,Hire,5,6,6,NA,NA,NA,3.549617387,4.268577942,2.836736542,NA,NA,NA
563,male,37,Baseline,Hire,6,5,NA,NA,NA,NA,3.438493166,2.975019232,NA,NA,NA,NA
564,male,26,PityC,WTP,5,5,NA,5,NA,NA,3.363495514,2.410542234,NA,1.848454813,NA,NA
565,male,27,EnvyC,WTP,5,5,NA,NA,NA,2,3.967079211,4.314817885,NA,NA,NA,4.096841442
566,male,25,EnvyAD,Hire,5,7,NA,NA,6,NA,3.612538221,3.734091797,NA,NA,3.491342732,NA
567,female,58,PityAD,WTP,7,7,6,NA,NA,NA,2.960623096,3.38269391,2.303584593,NA,NA,NA
568,female,42,PityC,WTP,5,5,NA,3,NA,NA,4.637153232,4.73584751,NA,4.092175545,NA,NA
569,female,22,PityC,Hire,7,7,NA,3,NA,NA,4.554718642,5.001325425,NA,2.507157259,NA,NA
570,female,33,EnvyAD,Hire,7,4,NA,NA,3,NA,3.961765097,3.589335324,NA,NA,3.2820384,NA
571,female,30,EnvyC,WTP,3,6,NA,NA,NA,3,3.146305132,3.699819394,NA,NA,NA,3.429460847
572,female,21,Baseline,Hire,4,6,NA,NA,NA,NA,2.215937286,2.215937286,NA,NA,NA,NA
573,female,54,Baseline,WTP,6,7,NA,NA,NA,NA,4.962634818,5.216998845,NA,NA,NA,NA
574,female,38,PityAD,Hire,3,7,3,NA,NA,NA,4.390986376,4.966613742,3.685624161,NA,NA,NA
575,female,39,PityAD,WTP,3,5,3,NA,NA,NA,3.333632062,3.866188469,2.573375298,NA,NA,NA
576,male,27,Baseline,Hire,5,7,NA,NA,NA,NA,3.889572877,4.362588941,NA,NA,NA,NA
577,male,26,EnvyC,WTP,6,7,NA,NA,NA,6,2.884800713,3.59703825,NA,NA,NA,3.420346201
578,female,43,PityAD,Hire,7,4,5,NA,NA,NA,3.685624161,3.671478939,3.706719372,NA,NA,NA
579,female,32,EnvyC,Hire,5,6,NA,NA,NA,2,5.149063013,5.239681391,NA,NA,NA,5.297667155
580,male,22,EnvyAD,Hire,6,7,NA,NA,2,NA,4.316153891,4.683241721,NA,NA,4.467056884,NA
581,female,47,EnvyC,Hire,5,5,NA,NA,NA,3,3.256942026,3.738145695,NA,NA,NA,3.650917948
582,female,45,PityAD,WTP,5,6,4,NA,NA,NA,3.044522438,3.121924299,3.017493765,NA,NA,NA
583,female,23,PityC,Hire,6,5,NA,2,NA,NA,3.760502198,3.508256454,NA,2.931193752,NA,NA
584,male,29,PityC,WTP,5,6,NA,2,NA,NA,3.456316681,3.671478939,NA,2.900322089,NA,NA
585,male,24,Baseline,WTP,5,7,NA,NA,NA,NA,4.601061758,4.809660849,NA,NA,NA,NA
586,female,28,EnvyAD,WTP,5,3,NA,NA,3,NA,3.482777369,3.956422593,NA,NA,3.38269391,NA
587,female,27,Baseline,Hire,5,7,NA,NA,NA,NA,3.923556241,4.087487775,NA,NA,NA,NA
588,male,30,PityC,WTP,4,5,NA,1,NA,NA,3.158701102,3.706719372,NA,2.275213896,NA,NA
589,female,40,Baseline,WTP,5,3,NA,NA,NA,NA,4.455160919,4.177919486,NA,NA,NA,NA
590,male,27,PityAD,Hire,5,7,3,NA,NA,NA,3.549617387,4.034063631,2.853015971,NA,NA,NA
591,male,42,EnvyC,WTP,5,5,NA,NA,NA,4,2.900322089,3.401530659,NA,NA,NA,2.18492705
592,female,33,PityAD,Hire,5,7,3,NA,NA,NA,3.612538221,3.918005077,2.960623096,NA,NA,NA
593,female,28,Baseline,WTP,5,6,NA,NA,NA,NA,4.626246512,4.960674445,NA,NA,NA,NA
594,male,,Baseline,Hire,3,7,NA,NA,NA,NA,4.115453525,4.401338946,NA,NA,NA,NA
595,male,63,PityAD,WTP,6,6,1,NA,NA,NA,4.960674445,5.095282768,3.678576561,NA,NA,NA
596,male,27,EnvyC,Hire,5,7,NA,NA,NA,1,4.98216723,5.303304908,NA,NA,NA,0
597,male,57,EnvyAD,Hire,2,6,NA,NA,3,NA,2.435366204,3.420346201,NA,NA,3.420346201,NA
598,female,34,PityAD,WTP,4,4,4,NA,NA,NA,2.152924318,2.18492705,2.215937286,NA,NA,NA
599,male,23,EnvyAD,Hire,7,6,NA,NA,5,NA,3.429460847,3.438493166,NA,NA,3.363495514,NA
600,female,41,EnvyC,WTP,1,2,NA,NA,NA,7,3.343568269,3.38269391,NA,NA,NA,3.824065727
601,male,22,Baseline,Hire,6,5,NA,NA,NA,NA,3.713572067,3.420346201,NA,NA,NA,NA
602,female,33,EnvyAD,WTP,4,6,NA,NA,3,NA,3.664330581,3.671478939,NA,NA,3.657130756,NA
603,male,24,EnvyAD,WTP,4,6,NA,NA,3,NA,4.94071342,5.112409386,NA,NA,4.637153232,NA
604,male,56,PityC,WTP,5,6,NA,3,NA,NA,3.353756307,3.706719372,NA,3.146305132,NA,NA
605,male,30,Baseline,WTP,4,6,NA,NA,NA,NA,3.918005077,4.288127958,NA,NA,NA,NA
606,female,39,PityAD,WTP,5,6,7,NA,NA,NA,4.823341396,3.678576561,3.482777369,NA,NA,NA
607,female,37,PityC,WTP,7,5,NA,1,NA,NA,3.713572067,3.343568269,NA,2.18492705,NA,NA
608,male,21,Baseline,WTP,6,5,NA,NA,NA,NA,4.082777926,3.883829271,NA,NA,NA,NA
609,female,23,PityC,Hire,6,7,NA,1,NA,NA,4.623501143,5.032983698,NA,2.246014742,NA,NA
610,male,33,PityAD,Hire,5,5,6,NA,NA,NA,2.694627181,2.573375298,2.946016681,NA,NA,NA
611,female,36,Baseline,Hire,6,3,NA,NA,NA,NA,3.720378121,3.706719372,NA,NA,NA,NA
612,male,31,EnvyC,WTP,4,7,NA,NA,NA,3,4.404888304,4.958710221,NA,NA,NA,2.946016681
613,male,50,EnvyC,Hire,3,5,NA,NA,NA,6,3.003204288,4.23251103,NA,NA,NA,4.421848129
614,male,26,EnvyAD,Hire,7,7,NA,NA,5,NA,4.499920775,4.634437684,NA,NA,4.186467851,NA
615,male,30,PityC,WTP,5,7,NA,1,NA,NA,3.664330581,4.390986376,NA,2.946016681,NA,NA
616,male,24,Baseline,Hire,6,5,NA,NA,NA,NA,3.699819394,3.69262244,NA,NA,NA,NA
617,female,39,PityC,Hire,6,6,NA,4,NA,NA,4.264649767,4.369827527,NA,3.525183361,NA,NA
618,female,21,EnvyAD,WTP,5,7,NA,NA,5,NA,2.819591576,3.228033763,NA,NA,2.900322089,NA
619,male,26,PityC,WTP,6,6,NA,1,NA,NA,3.998567607,4.224202549,NA,3.734091797,NA,NA
620,male,35,PityAD,WTP,5,6,6,NA,NA,NA,5.049407189,5.12586693,5.251540175,NA,NA,NA
621,male,24,PityAD,WTP,5,6,2,NA,NA,NA,1.706564623,2.332143895,1.178654996,NA,NA,NA
622,female,33,EnvyC,Hire,6,7,NA,NA,NA,3,3.313458467,3.508256454,NA,NA,NA,3.044522438
623,female,27,EnvyAD,WTP,6,7,NA,NA,5,NA,3.817932082,4.106273133,NA,NA,4.014037931,NA
624,female,25,EnvyC,WTP,7,6,NA,NA,NA,2,3.323596136,3.565864003,NA,NA,NA,2.869034621
625,male,64,PityC,Hire,5,6,NA,1,NA,NA,4.169142772,4.524719062,NA,2.529720666,NA,NA
626,male,26,PityC,Hire,2,6,NA,2,NA,NA,4.119362325,4.62153554,NA,3.684620397,NA,NA
627,male,29,EnvyAD,Hire,6,5,NA,NA,3,NA,3.499835352,2.975019232,NA,NA,2.869034621,NA
628,female,28,Baseline,WTP,6,5,NA,NA,NA,NA,3.482777369,3.343568269,NA,NA,NA,NA
629,male,31,Baseline,WTP,5,6,NA,NA,NA,NA,2.484072969,2.915606229,NA,NA,NA,NA
630,female,52,PityAD,Hire,4,5,2,NA,NA,NA,3.699819394,4.272490748,3.699819394,NA,NA,NA
631,female,35,EnvyAD,Hire,5,5,NA,NA,3,NA,2.931193752,2.915606229,NA,NA,2.946016681,NA
632,male,35,EnvyC,Hire,3,5,NA,NA,NA,6,4.092175545,4.518522379,NA,NA,NA,4.811940423
633,female,31,PityC,WTP,3,7,NA,2,NA,NA,2.459588842,3.516904189,NA,2.215937286,NA,NA
634,female,50,Baseline,Hire,3,7,NA,NA,NA,NA,3.158701102,3.355502422,NA,NA,NA,NA
635,prefer not to answer,33,PityAD,Hire,5,3,4,NA,NA,NA,4.394449155,3.854393893,4.661455997,NA,NA,NA
636,female,25,Baseline,WTP,5,7,NA,NA,NA,NA,2.915606229,2.915606229,NA,NA,NA,NA
637,male,24,EnvyAD,Hire,7,6,NA,NA,7,NA,3.699819394,3.456316681,NA,NA,3.671478939,NA
638,female,28,EnvyAD,WTP,3,7,NA,NA,5,NA,3.657130756,4.295787687,NA,NA,4.087487775,NA
639,male,39,PityAD,WTP,4,6,3,NA,NA,NA,3.900962058,4.628984364,2.884800713,NA,NA,NA
640,female,28,EnvyC,Hire,7,6,NA,NA,NA,2,5.267651952,4.73584751,NA,NA,NA,4.818828898
641,female,23,PityAD,Hire,5,6,5,NA,NA,NA,3.323596136,3.685624161,2.975019232,NA,NA,NA
642,prefer not to answer,32,PityC,Hire,4,4,NA,4,NA,NA,0,0,NA,0,NA,NA
643,male,23,PityC,WTP,7,5,NA,2,NA,NA,3.363495514,3.671478939,NA,2.435366204,NA,NA
644,male,23,Baseline,Hire,6,5,NA,NA,NA,NA,3.799078246,3.313458467,NA,NA,NA,NA
645,female,52,EnvyC,WTP,3,5,NA,NA,NA,6,3.699819394,3.912222985,NA,NA,NA,4.101651137
646,female,40,EnvyAD,WTP,6,6,NA,NA,6,NA,1.974081026,2.183801557,NA,NA,2.410542234,NA
647,female,30,PityAD,WTP,7,5,5,NA,NA,NA,4.110873864,2.802754137,3.678576561,NA,NA,NA
648,male,44,EnvyC,Hire,7,7,NA,NA,NA,3,3.429460847,2.869034621,NA,NA,NA,2.275213896
649,male,29,EnvyAD,Hire,6,5,NA,NA,2,NA,4.351825126,4.190714786,NA,NA,3.612538221,NA
650,female,44,PityC,Hire,5,6,NA,1,NA,NA,2.884800713,3.392156637,NA,2.215937286,NA,NA
651,female,28,Baseline,WTP,3,5,NA,NA,NA,NA,3.239070532,3.205182498,NA,NA,NA,NA
652,male,45,EnvyC,WTP,6,6,NA,NA,NA,5,2.785628336,2.989211057,NA,NA,NA,3.017004409
653,male,63,PityAD,Hire,6,4,5,NA,NA,NA,4.61234439,4.615120517,4.60386934,NA,NA,NA
654,female,56,PityC,WTP,4,5,NA,2,NA,NA,4.598246271,5.098768264,NA,2.946016681,NA,NA
655,female,33,EnvyAD,WTP,4,5,NA,NA,5,NA,4.013134507,4.232656178,NA,NA,4.196148762,NA
656,male,28,EnvyC,WTP,5,7,NA,NA,NA,5,4.299731392,3.753964701,NA,NA,NA,3.447444633
657,female,44,EnvyC,Hire,5,5,NA,NA,NA,3,3.373140784,3.541538866,NA,NA,NA,3.333632062
658,female,25,PityC,WTP,6,6,NA,5,NA,NA,3.64961874,3.612538221,NA,3.392156637,NA,NA
659,female,31,Baseline,Hire,6,5,NA,NA,NA,NA,3.363495514,3.657130756,NA,NA,NA,NA
660,female,28,PityAD,WTP,5,6,5,NA,NA,NA,3.64961874,3.766997233,3.69262244,NA,NA,NA
661,male,22,EnvyAD,WTP,3,6,NA,NA,5,NA,3.323596136,3.499835352,NA,NA,3.420346201,NA
662,female,41,PityAD,WTP,5,4,5,NA,NA,NA,2.656054906,2.484072969,2.246014742,NA,NA,NA
663,male,46,Baseline,WTP,4,6,NA,NA,NA,NA,2.084429083,2.59450816,NA,NA,NA,NA
664,female,61,EnvyAD,Hire,7,6,NA,NA,5,NA,3.353756307,3.239070532,NA,NA,2.960623096,NA
665,female,22,PityAD,Hire,6,4,5,NA,NA,NA,2.946016681,2.884800713,2.975019232,NA,NA,NA
666,female,22,EnvyC,Hire,7,6,NA,NA,NA,6,3.753964701,3.699819394,NA,NA,NA,3.706719372
667,female,36,PityC,Hire,5,4,NA,2,NA,NA,NA,NA,NA,4.096841442,NA,NA
668,male,26,Baseline,Hire,5,6,NA,NA,NA,NA,3.664330581,4.404888304,NA,NA,NA,NA
669,female,29,PityAD,Hire,4,7,5,NA,NA,NA,4.397899984,4.81656499,4.101651137,NA,NA,NA
670,male,25,PityC,WTP,6,6,NA,1,NA,NA,4.64265863,4.623501143,NA,2.869034621,NA,NA
671,female,31,EnvyAD,WTP,4,6,NA,NA,4,NA,4.133725519,4.512396786,NA,NA,4.394449155,NA
672,female,56,EnvyC,WTP,7,6,NA,NA,NA,1,5.303304908,5.103882742,NA,NA,NA,4.120012309
673,female,31,PityC,Hire,5,3,NA,5,NA,NA,3.678576561,3.671478939,NA,3.685624161,NA,NA
674,male,28,EnvyAD,Hire,4,7,NA,NA,4,NA,4.631714741,4.61234439,NA,NA,4.626246512,NA
675,male,31,EnvyC,Hire,3,7,NA,NA,NA,3,4.082777926,4.314817885,NA,NA,NA,4.421848129
676,female,21,EnvyC,WTP,4,6,NA,NA,NA,3,2.048982334,2.275213896,NA,NA,NA,2.507157259
677,female,29,Baseline,WTP,5,3,NA,NA,NA,NA,4.06834276,2.884800713,NA,NA,NA,NA
678,male,25,PityC,Hire,5,6,NA,1,NA,NA,2.551786179,2.884800713,NA,2.18492705,NA,NA
679,female,30,EnvyAD,Hire,4,7,NA,NA,5,NA,1.597365331,2.960623096,NA,NA,2.410542234,NA
680,male,26,PityAD,WTP,4,5,4,NA,NA,NA,3.411147713,3.64961874,3.456316681,NA,NA,NA
681,male,28,Baseline,Hire,7,7,NA,NA,NA,NA,3.38269391,3.401530659,NA,NA,NA,NA
682,male,31,Baseline,WTP,7,7,NA,NA,NA,NA,4.480966583,4.311067546,NA,NA,NA,NA
683,female,25,PityAD,Hire,6,6,7,NA,NA,NA,4.101651137,4.120012309,4.623501143,NA,NA,NA
684,male,43,Baseline,Hire,4,7,NA,NA,NA,NA,2.819591576,3.713572067,NA,NA,NA,NA
685,male,21,EnvyAD,Hire,6,6,NA,NA,7,NA,3.627535824,3.604682295,NA,NA,3.664330581,NA
686,female,38,Baseline,Hire,5,6,NA,NA,NA,NA,4.960674445,5.218516296,NA,NA,NA,NA
687,other,27,Baseline,WTP,7,3,NA,NA,NA,NA,4.81656499,4.620649757,NA,NA,NA,NA
688,female,48,EnvyAD,WTP,3,6,NA,NA,6,NA,3.096934154,3.734091797,NA,NA,3.720378121,NA
689,male,41,EnvyC,WTP,5,5,NA,NA,NA,6,4.408303358,4.814214813,NA,NA,NA,4.639958011
690,male,39,PityAD,Hire,4,6,3,NA,NA,NA,2.884800713,3.303216973,2.768204124,NA,NA,NA
691,female,21,PityAD,WTP,4,6,4,NA,NA,NA,2.836736542,3.363495514,2.915606229,NA,NA,NA
692,male,45,PityC,WTP,3,6,NA,2,NA,NA,2.459588842,2.931193752,NA,2.275213896,NA,NA
693,female,33,EnvyAD,WTP,4,3,NA,NA,2,NA,1.891604804,3.239070532,NA,NA,2.694627181,NA
694,female,25,EnvyC,Hire,5,4,NA,NA,NA,3,3.533394551,2.884800713,NA,NA,NA,2.358965426
695,male,22,PityC,WTP,2,7,NA,1,NA,NA,2.869034621,3.401530659,NA,2.084429083,NA,NA
696,male,23,EnvyAD,WTP,5,6,NA,NA,3,NA,3.333632062,3.525183361,NA,NA,3.193763124,NA
697,male,29,EnvyAD,Hire,4,6,NA,NA,5,NA,2.675527009,2.785628336,NA,NA,2.636196097,NA
698,male,25,PityC,WTP,6,7,NA,3,NA,NA,3.260785228,3.678576561,NA,2.946016681,NA,NA
699,female,37,PityAD,WTP,4,5,3,NA,NA,NA,4.404888304,4.620649757,4.087487775,NA,NA,NA
700,female,23,PityAD,Hire,5,7,3,NA,NA,NA,3.889572877,4.634437684,2.975019232,NA,NA,NA
701,female,26,PityC,Hire,5,7,NA,1,NA,NA,3.353756307,3.713572067,NA,2.931193752,NA,NA
702,male,31,Baseline,Hire,5,7,NA,NA,NA,NA,3.634951112,3.59703825,NA,NA,NA,NA
703,female,37,PityAD,Hire,6,5,3,NA,NA,NA,4.096841442,4.401338946,3.429460847,NA,NA,NA
704,female,45,EnvyAD,Hire,5,6,NA,NA,3,NA,2.303584593,3.18221184,NA,NA,2.385086315,NA
705,male,34,EnvyC,Hire,3,7,NA,NA,NA,4,4.106273133,4.620649757,NA,NA,NA,4.394449155
706,female,41,EnvyC,Hire,7,6,NA,NA,NA,2,3.842244111,3.906608373,NA,NA,NA,3.727138166
707,female,23,Baseline,WTP,4,5,NA,NA,NA,NA,4.49054466,4.809660849,NA,NA,NA,NA
708,male,40,Baseline,Hire,5,6,NA,NA,NA,NA,3.69262244,3.69262244,NA,NA,NA,NA
709,male,21,EnvyAD,Hire,5,5,NA,NA,4,NA,4.617888958,4.058717385,NA,NA,4.169142772,NA
710,male,60,EnvyAD,WTP,3,5,NA,NA,4,NA,4.019082078,4.390862483,NA,NA,4.106273133,NA
711,female,21,EnvyC,Hire,5,6,NA,NA,NA,3,3.508256454,3.940027202,NA,NA,NA,2.869034621
712,male,28,PityC,WTP,5,7,NA,1,NA,NA,3.373140784,3.848444024,NA,2.900322089,NA,NA
713,male,37,EnvyC,WTP,4,5,NA,NA,NA,5,3.664330581,4.394449155,NA,NA,NA,4.623501143
714,male,25,PityAD,WTP,5,7,1,NA,NA,NA,3.057767664,3.401530659,2.59450816,NA,NA,NA
715,female,31,PityC,Hire,5,6,NA,2,NA,NA,3.313458467,3.353756307,NA,2.615934912,NA,NA
716,female,63,Baseline,WTP,6,6,NA,NA,NA,NA,4.620649757,4.805086051,NA,NA,NA,NA
717,female,54,PityAD,Hire,6,6,3,NA,NA,NA,2.946016681,2.884800713,2.084429083,NA,NA,NA
718,male,27,Baseline,Hire,4,7,NA,NA,NA,NA,3.031099417,3.465423354,NA,NA,NA,NA
719,female,24,EnvyAD,WTP,6,7,NA,NA,5,NA,3.638638238,3.32323584,NA,NA,3.32323584,NA
720,female,20,PityAD,WTP,6,7,5,NA,NA,NA,4.106273133,4.110873864,2.802754137,NA,NA,NA
721,female,62,PityC,WTP,5,6,NA,1,NA,NA,3.720378121,4.164803026,NA,0,NA,NA
722,male,29,Baseline,WTP,7,5,NA,NA,NA,NA,3.343568269,3.438493166,NA,NA,NA,NA
723,male,46,PityC,Hire,4,7,NA,1,NA,NA,2.915606229,2.946016681,NA,2.915606229,NA,NA
724,female,36,PityC,Hire,6,7,NA,1,NA,NA,2.900322089,3.2820384,NA,2.18492705,NA,NA
725,female,53,PityC,WTP,6,6,NA,2,NA,NA,5.218516296,5.227626626,NA,2.18492705,NA,NA
726,female,36,EnvyC,Hire,5,7,NA,NA,NA,5,3.906608373,3.906608373,NA,NA,NA,3.877845554
727,male,27,EnvyC,WTP,4,7,NA,NA,NA,6,4.411706789,4.805086051,NA,NA,NA,4.968562518
728,male,28,Baseline,Hire,4,6,NA,NA,NA,NA,4.06834276,4.628984364,NA,NA,NA,NA
729,male,23,Baseline,Hire,6,5,NA,NA,NA,NA,3.589335324,3.392156637,NA,NA,NA,NA
730,female,32,Baseline,WTP,4,5,NA,NA,NA,NA,4.120012309,4.617888958,NA,NA,NA,NA
731,female,49,EnvyAD,Hire,4,7,NA,NA,6,NA,2.853015971,3.373140784,NA,NA,2.960623096,NA
732,male,20,EnvyAD,WTP,6,7,NA,NA,3,NA,4.536784273,5.165243012,NA,NA,4.869839484,NA
733,female,27,PityAD,Hire,3,6,2,NA,NA,NA,3.438493166,3.699819394,2.960623096,NA,NA,NA
734,female,32,EnvyAD,Hire,3,7,NA,NA,6,NA,3.474138006,3.664330581,NA,NA,3.824065727,NA
735,male,19,EnvyAD,Hire,6,7,NA,NA,5,NA,3.323596136,3.799078246,NA,NA,3.401530659,NA
736,male,31,PityC,WTP,5,5,NA,1,NA,NA,3.360375387,3.409496184,NA,2.887590115,NA,NA
737,male,59,EnvyC,WTP,5,6,NA,NA,NA,1,2.819591576,2.750470917,NA,NA,NA,2.636196097
738,male,33,Baseline,Hire,5,3,NA,NA,NA,NA,2.869034621,2.303584593,NA,NA,NA,NA
739,male,29,EnvyC,Hire,5,7,NA,NA,NA,3,3.373140784,3.373140784,NA,NA,NA,3.353756307
740,female,35,PityAD,Hire,5,7,5,NA,NA,NA,4.677304784,4.944780351,4.376888457,NA,NA,NA
741,male,24,EnvyAD,WTP,5,7,NA,NA,2,NA,3.923556241,4.096841442,NA,NA,3.363495514,NA
742,male,25,PityAD,WTP,6,6,4,NA,NA,NA,3.363495514,3.429460847,3.134189017,NA,NA,NA
743,female,43,EnvyC,WTP,5,6,NA,NA,NA,5,2.931193752,3.59703825,NA,NA,NA,3.109507288
744,female,56,PityC,WTP,5,4,NA,3,NA,NA,3.394843908,3.230013569,NA,3.07176696,NA,NA
745,male,37,EnvyC,WTP,4,7,NA,NA,NA,3,4.64265863,4.394449155,NA,NA,NA,4.61234439
746,male,50,PityC,Hire,5,7,NA,1,NA,NA,3.900962058,4.390986376,NA,2.946016681,NA,NA
747,male,24,Baseline,WTP,5,4,NA,NA,NA,NA,3.18221184,3.392156637,NA,NA,NA,NA
748,male,37,EnvyAD,WTP,6,6,NA,NA,5,NA,4.164803026,4.260706099,NA,NA,4.014037931,NA
749,female,33,Baseline,WTP,6,6,NA,NA,NA,NA,3.699819394,3.420346201,NA,NA,NA,NA
750,female,37,EnvyC,Hire,5,5,NA,NA,NA,3,4.160444364,4.199154927,NA,NA,NA,4.248638089
751,male,35,EnvyC,Hire,2,7,NA,NA,NA,3,3.734091797,4.972240906,NA,NA,NA,4.453998398
752,male,22,PityAD,Hire,7,6,4,NA,NA,NA,3.999117712,3.697591395,2.762538386,NA,NA,NA
753,female,29,Baseline,Hire,1,7,NA,NA,NA,NA,3.699819394,4.825590031,NA,NA,NA,NA
754,female,35,PityAD,WTP,5,5,4,NA,NA,NA,4.203497876,4.329811863,4.029094677,NA,NA,NA
755,female,36,EnvyC,WTP,4,5,NA,NA,NA,3,3.678576561,3.671478939,NA,NA,NA,3.69262244
756,female,45,EnvyAD,Hire,4,6,NA,NA,5,NA,3.627535824,3.945457782,NA,NA,3.830161979,NA
757,male,29,EnvyAD,Hire,3,5,NA,NA,4,NA,3.671478939,4.268577942,NA,NA,3.671478939,NA
758,female,47,PityAD,WTP,3,5,3,NA,NA,NA,2.215937286,3.24998682,2.853015971,NA,NA,NA
759,female,52,Baseline,WTP,5,6,NA,NA,NA,NA,3.620065138,3.988243031,NA,NA,NA,NA
760,male,20,Baseline,Hire,5,6,NA,NA,NA,NA,3.38269391,3.678576561,NA,NA,NA,NA
761,male,36,PityAD,Hire,7,3,5,NA,NA,NA,2.960623096,3.170525564,2.915606229,NA,NA,NA
762,male,35,PityAD,WTP,3,5,3,NA,NA,NA,2.215937286,2.853015971,2.358965426,NA,NA,NA
763,female,26,PityC,Hire,5,3,NA,4,NA,NA,3.685624161,3.333632062,NA,2.900322089,NA,NA
764,female,,PityC,WTP,6,6,NA,1,NA,NA,2.989211057,3.38269391,NA,0,NA,NA
765,female,32,PityC,Hire,5,6,NA,3,NA,NA,3.2820384,3.303216973,NA,2.573375298,NA,NA
766,female,33,EnvyC,Hire,2,7,NA,NA,NA,2,4.082777926,4.626246512,NA,NA,NA,3.678576561
767,female,30,EnvyAD,WTP,6,7,NA,NA,5,NA,2.836736542,2.975019232,NA,NA,2.332143895,NA
768,female,23,PityC,Hire,6,6,NA,6,NA,NA,4.811940423,4.725882261,NA,4.628984364,NA,NA
769,female,52,EnvyAD,WTP,7,7,NA,NA,6,NA,3.634951112,3.811760583,NA,NA,3.541538866,NA
770,male,49,Baseline,Hire,4,6,NA,NA,NA,NA,4.087487775,4.626246512,NA,NA,NA,NA
771,female,28,PityC,WTP,6,7,NA,1,NA,NA,3.92907676,4.390986376,NA,3.657130756,NA,NA
772,female,42,PityAD,Hire,3,7,3,NA,NA,NA,2.551786179,2.884800713,2.012232792,NA,NA,NA
773,male,37,PityAD,WTP,4,6,4,NA,NA,NA,3.343568269,3.664330581,2.900322089,NA,NA,NA