subject,sex,age,condition,pity.target,envy.target,pityAD.decoy,pityC.decoy,envyAD.decoy,envyC.decoy
1,male,38,EnvyC,1,4,NA,NA,NA,7
2,female,29,EnvyAD,7,7,NA,NA,7,NA
3,male,38,PityC,5,5,NA,2,NA,NA
4,male,34,PityAD,7,5,5,NA,NA,NA
5,male,53,EnvyC,5,7,NA,NA,NA,2
6,male,39,EnvyAD,5,7,NA,NA,5,NA
7,female,22,PityC,6,6,NA,5,NA,NA
8,female,19,Baseline,4,6,NA,NA,NA,NA
9,female,25,EnvyAD,5,7,NA,NA,4,NA
10,female,38,EnvyC,5,7,NA,NA,NA,2
11,female,31,Baseline,6,5,NA,NA,NA,NA
12,female,33,Baseline,6,5,NA,NA,NA,NA
13,male,34,PityAD,3,6,3,NA,NA,NA
14,female,32,Baseline,6,6,NA,NA,NA,NA
15,female,43,PityAD,6,6,6,NA,NA,NA
16,male,33,EnvyAD,5,6,NA,NA,2,NA
17,male,38,EnvyAD,5,5,NA,NA,5,NA
18,female,41,PityC,5,7,NA,1,NA,NA
19,female,27,PityAD,5,5,3,NA,NA,NA
20,male,21,EnvyC,4,6,NA,NA,NA,5
21,female,34,EnvyAD,4,6,NA,NA,5,NA
22,male,33,Baseline,5,3,NA,NA,NA,NA
23,male,27,EnvyC,2,6,NA,NA,NA,5
24,female,38,PityC,5,5,NA,2,NA,NA
25,male,55,Baseline,5,7,NA,NA,NA,NA
26,female,53,PityAD,5,7,3,NA,NA,NA
27,male,24,PityAD,5,4,7,NA,NA,NA
28,male,33,PityC,6,5,NA,1,NA,NA
29,male,28,EnvyAD,5,6,NA,NA,5,NA
30,male,36,Baseline,7,5,NA,NA,NA,NA
31,male,28,EnvyAD,7,6,NA,NA,3,NA
32,female,32,EnvyC,6,7,NA,NA,NA,3
33,female,32,PityAD,4,7,3,NA,NA,NA
34,female,54,PityC,4,4,NA,2,NA,NA
35,female,44,Baseline,5,5,NA,NA,NA,NA
36,male,40,EnvyAD,5,7,NA,NA,6,NA
37,female,22,EnvyC,6,6,NA,NA,NA,3
38,female,29,PityAD,4,4,3,NA,NA,NA
39,male,23,EnvyC,5,5,NA,NA,NA,4
40,female,33,EnvyAD,5,6,NA,NA,3,NA
41,male,55,PityC,6,5,NA,2,NA,NA
42,male,24,EnvyC,6,6,NA,NA,NA,7
43,female,29,Baseline,6,6,NA,NA,NA,NA
44,female,59,PityC,6,3,NA,2,NA,NA
45,female,28,EnvyC,2,7,NA,NA,NA,3
46,female,29,PityC,5,7,NA,3,NA,NA
47,female,30,EnvyC,3,5,NA,NA,NA,6
48,male,32,EnvyAD,5,6,NA,NA,2,NA
49,female,54,PityAD,5,6,3,NA,NA,NA
50,female,37,Baseline,6,5,NA,NA,NA,NA
51,male,31,PityAD,5,6,3,NA,NA,NA
52,male,33,Baseline,7,6,NA,NA,NA,NA
53,female,46,EnvyC,7,6,NA,NA,NA,1
54,female,34,PityC,7,3,NA,2,NA,NA
55,female,28,EnvyAD,5,7,NA,NA,7,NA
56,male,40,PityAD,6,5,5,NA,NA,NA
57,male,37,EnvyC,5,5,NA,NA,NA,3
58,female,40,PityC,5,7,NA,2,NA,NA
59,female,30,PityAD,6,6,5,NA,NA,NA
60,female,26,EnvyAD,7,7,NA,NA,3,NA
61,male,28,PityC,5,6,NA,3,NA,NA
62,female,23,EnvyC,3,6,NA,NA,NA,4
63,female,35,Baseline,4,7,NA,NA,NA,NA
64,female,54,PityAD,6,4,1,NA,NA,NA
65,female,37,EnvyAD,7,5,NA,NA,5,NA
66,male,28,Baseline,5,6,NA,NA,NA,NA
67,female,31,EnvyC,5,7,NA,NA,NA,3
68,female,26,EnvyAD,6,7,NA,NA,5,NA
69,female,38,PityC,5,6,NA,3,NA,NA
70,prefer not to answer,33,Baseline,5,6,NA,NA,NA,NA
71,female,21,PityAD,6,6,5,NA,NA,NA
72,male,25,PityC,6,7,NA,2,NA,NA
73,female,20,Baseline,6,3,NA,NA,NA,NA
74,male,29,PityAD,4,7,4,NA,NA,NA
75,female,25,EnvyAD,6,6,NA,NA,6,NA
76,male,28,Baseline,5,6,NA,NA,NA,NA
77,female,41,EnvyC,5,5,NA,NA,NA,6
78,female,55,EnvyAD,5,7,NA,NA,5,NA
79,male,18,PityAD,5,6,2,NA,NA,NA
80,male,40,PityC,4,6,NA,3,NA,NA
81,female,42,EnvyAD,5,6,NA,NA,3,NA
82,male,22,EnvyC,3,7,NA,NA,NA,6
83,male,23,PityAD,7,6,3,NA,NA,NA
84,female,28,EnvyC,5,6,NA,NA,NA,3
85,female,28,PityC,5,7,NA,3,NA,NA
86,female,26,EnvyC,6,7,NA,NA,NA,5
87,male,72,Baseline,6,6,NA,NA,NA,NA
88,female,38,EnvyAD,6,6,NA,NA,7,NA
89,male,28,Baseline,6,4,NA,NA,NA,NA
90,female,34,PityAD,7,3,1,NA,NA,NA
91,male,33,PityC,6,6,NA,1,NA,NA
92,male,31,EnvyC,5,6,NA,NA,NA,4
93,female,24,Baseline,7,6,NA,NA,NA,NA
94,male,28,PityAD,4,5,5,NA,NA,NA
95,female,34,EnvyAD,7,7,NA,NA,5,NA
96,female,27,EnvyC,6,5,NA,NA,NA,2
97,male,37,PityC,6,4,NA,2,NA,NA
98,male,29,EnvyAD,6,6,NA,NA,2,NA
99,female,30,PityC,7,4,NA,5,NA,NA
100,female,30,Baseline,7,7,NA,NA,NA,NA
101,female,43,PityAD,7,5,1,NA,NA,NA
102,female,24,EnvyC,5,7,NA,NA,NA,3
103,male,28,PityC,3,5,NA,3,NA,NA
104,female,21,Baseline,6,7,NA,NA,NA,NA
105,male,32,EnvyAD,3,6,NA,NA,7,NA
106,female,55,PityAD,4,6,2,NA,NA,NA
107,male,33,Baseline,5,6,NA,NA,NA,NA
108,male,36,PityAD,5,6,1,NA,NA,NA
109,male,23,PityC,5,7,NA,6,NA,NA
110,male,41,EnvyAD,6,4,NA,NA,3,NA
111,female,59,EnvyC,6,5,NA,NA,NA,1
112,female,27,Baseline,6,6,NA,NA,NA,NA
113,female,27,PityC,7,6,NA,2,NA,NA
114,male,34,EnvyC,6,7,NA,NA,NA,5
115,female,57,PityAD,5,6,6,NA,NA,NA
116,male,36,EnvyC,7,4,NA,NA,NA,5
117,female,22,PityC,6,7,NA,3,NA,NA
118,female,28,PityAD,6,7,3,NA,NA,NA
119,female,29,EnvyAD,2,6,NA,NA,3,NA
120,female,58,Baseline,5,6,NA,NA,NA,NA
121,female,45,PityC,6,5,NA,1,NA,NA
122,female,34,PityAD,6,7,5,NA,NA,NA
123,male,28,Baseline,4,6,NA,NA,NA,NA
124,female,31,EnvyAD,3,7,NA,NA,3,NA
125,male,31,PityAD,5,7,5,NA,NA,NA
126,female,44,EnvyAD,6,5,NA,NA,6,NA
127,female,42,EnvyC,5,6,NA,NA,NA,4
128,male,35,Baseline,4,5,NA,NA,NA,NA
129,male,55,PityC,5,7,NA,2,NA,NA
130,female,35,PityAD,5,6,5,NA,NA,NA
131,male,63,EnvyC,3,6,NA,NA,NA,3
132,female,21,PityC,7,6,NA,3,NA,NA
133,male,30,EnvyAD,7,4,NA,NA,3,NA
134,female,29,PityC,3,3,NA,1,NA,NA
135,female,40,Baseline,3,5,NA,NA,NA,NA
136,female,26,EnvyC,6,5,NA,NA,NA,3
137,female,33,PityAD,3,7,4,NA,NA,NA
138,female,36,EnvyAD,5,6,NA,NA,5,NA
139,female,42,Baseline,5,6,NA,NA,NA,NA
140,female,68,PityC,7,6,NA,1,NA,NA
141,male,37,PityC,4,7,NA,1,NA,NA
142,female,28,EnvyC,7,6,NA,NA,NA,2
143,female,28,PityAD,3,6,3,NA,NA,NA
144,male,25,EnvyAD,6,6,NA,NA,6,NA
145,male,23,Baseline,6,5,NA,NA,NA,NA
146,female,34,Baseline,6,6,NA,NA,NA,NA
147,male,34,PityAD,6,7,6,NA,NA,NA
148,male,30,PityAD,6,5,4,NA,NA,NA
149,male,38,EnvyC,3,6,NA,NA,NA,5
150,male,35,Baseline,6,6,NA,NA,NA,NA
151,male,31,PityC,4,5,NA,7,NA,NA
152,male,23,PityAD,6,3,5,NA,NA,NA
153,male,42,EnvyAD,5,6,NA,NA,5,NA
154,female,51,EnvyC,4,6,NA,NA,NA,3
155,female,25,PityC,5,7,NA,2,NA,NA
156,female,35,PityC,6,5,NA,2,NA,NA
157,male,18,EnvyAD,3,7,NA,NA,5,NA
158,male,33,EnvyAD,6,5,NA,NA,5,NA
159,female,25,EnvyC,5,7,NA,NA,NA,2
160,female,53,Baseline,6,6,NA,NA,NA,NA
161,male,33,EnvyC,4,5,NA,NA,NA,3
162,male,27,PityAD,5,6,5,NA,NA,NA
163,male,25,EnvyC,4,5,NA,NA,NA,4
164,male,29,PityC,5,6,NA,2,NA,NA
165,female,60,EnvyAD,6,7,NA,NA,7,NA
166,male,23,PityAD,5,7,1,NA,NA,NA
167,female,NA,Baseline,3,5,NA,NA,NA,NA
168,female,44,Baseline,3,6,NA,NA,NA,NA
169,male,45,PityAD,6,6,6,NA,NA,NA
170,male,28,EnvyC,4,6,NA,NA,NA,1
171,male,32,EnvyC,5,6,NA,NA,NA,3
172,male,28,Baseline,7,7,NA,NA,NA,NA
173,female,34,PityC,7,6,NA,1,NA,NA
174,female,25,EnvyAD,1,7,NA,NA,7,NA
175,other,29,PityC,6,7,NA,1,NA,NA
176,female,28,EnvyAD,5,7,NA,NA,3,NA
177,female,22,PityAD,5,7,3,NA,NA,NA
178,male,28,PityAD,5,7,3,NA,NA,NA
179,female,51,Baseline,6,6,NA,NA,NA,NA
180,female,23,EnvyAD,2,7,NA,NA,6,NA
181,female,30,EnvyC,6,7,NA,NA,NA,3
182,female,43,PityC,5,7,NA,1,NA,NA
183,female,25,EnvyAD,6,7,NA,NA,3,NA
184,female,56,EnvyC,4,6,NA,NA,NA,1
185,male,30,Baseline,7,6,NA,NA,NA,NA
186,male,32,PityC,6,7,NA,1,NA,NA
187,male,33,EnvyC,4,4,NA,NA,NA,4
188,female,63,PityAD,6,7,5,NA,NA,NA
189,male,39,PityC,6,6,NA,2,NA,NA
190,female,29,Baseline,5,7,NA,NA,NA,NA
191,male,23,EnvyAD,5,6,NA,NA,3,NA
192,male,29,EnvyC,3,5,NA,NA,NA,3
193,male,34,EnvyAD,7,5,NA,NA,3,NA
194,male,32,PityAD,5,6,5,NA,NA,NA
195,male,65,PityC,6,6,NA,2,NA,NA
196,male,42,Baseline,6,7,NA,NA,NA,NA
197,male,25,PityAD,5,6,2,NA,NA,NA
198,male,60,EnvyC,7,6,NA,NA,NA,2
199,female,39,Baseline,6,6,NA,NA,NA,NA
200,female,56,PityC,5,7,NA,5,NA,NA
201,male,36,EnvyAD,6,4,NA,NA,5,NA
202,male,22,PityAD,5,7,3,NA,NA,NA
203,female,30,PityAD,6,7,5,NA,NA,NA
204,male,42,Baseline,3,7,NA,NA,NA,NA
205,female,36,EnvyC,6,5,NA,NA,NA,2
206,female,32,EnvyAD,6,6,NA,NA,5,NA
207,female,30,PityC,5,6,NA,5,NA,NA
208,male,42,EnvyC,6,5,NA,NA,NA,2
209,male,47,EnvyAD,4,7,NA,NA,7,NA
210,male,39,Baseline,3,6,NA,NA,NA,NA
211,female,36,PityC,5,7,NA,1,NA,NA
212,male,28,PityAD,6,7,5,NA,NA,NA
213,female,32,EnvyC,5,7,NA,NA,NA,2
214,female,31,Baseline,6,7,NA,NA,NA,NA
215,male,29,EnvyAD,6,3,NA,NA,2,NA
216,male,32,PityC,6,5,NA,4,NA,NA
217,female,37,PityAD,7,5,5,NA,NA,NA
218,male,29,EnvyAD,6,7,NA,NA,5,NA
219,male,37,PityC,5,3,NA,2,NA,NA
220,female,30,EnvyC,7,7,NA,NA,NA,3
221,female,30,PityAD,6,6,4,NA,NA,NA
222,male,25,Baseline,5,6,NA,NA,NA,NA
223,male,31,PityC,5,6,NA,3,NA,NA
224,female,30,EnvyAD,5,6,NA,NA,3,NA
225,female,26,Baseline,5,4,NA,NA,NA,NA
226,female,35,EnvyC,4,6,NA,NA,NA,5
227,female,36,PityAD,7,4,2,NA,NA,NA
228,male,34,EnvyC,5,5,NA,NA,NA,1
229,female,29,Baseline,6,7,NA,NA,NA,NA
230,male,31,PityAD,5,6,4,NA,NA,NA
231,female,52,PityC,6,7,NA,5,NA,NA
232,male,27,EnvyC,4,5,NA,NA,NA,2
233,male,39,EnvyAD,5,6,NA,NA,6,NA
234,male,35,Baseline,5,6,NA,NA,NA,NA
235,female,29,PityC,5,5,NA,2,NA,NA
236,female,28,EnvyAD,5,7,NA,NA,6,NA
237,male,23,PityAD,6,6,2,NA,NA,NA
238,male,60,EnvyC,4,6,NA,NA,NA,3
239,female,24,PityC,6,5,NA,1,NA,NA
240,female,51,EnvyAD,6,5,NA,NA,5,NA
241,male,46,PityAD,3,5,3,NA,NA,NA
242,male,26,Baseline,6,6,NA,NA,NA,NA
243,female,56,PityC,7,5,NA,2,NA,NA
244,male,25,EnvyAD,6,5,NA,NA,5,NA
245,male,34,PityAD,5,5,4,NA,NA,NA
246,female,26,EnvyC,6,6,NA,NA,NA,2
247,female,25,Baseline,6,7,NA,NA,NA,NA
248,female,25,PityC,7,7,NA,1,NA,NA
249,female,40,EnvyC,3,6,NA,NA,NA,6
250,male,38,Baseline,6,5,NA,NA,NA,NA
251,female,22,EnvyAD,5,6,NA,NA,2,NA
252,female,73,PityAD,7,2,6,NA,NA,NA
253,female,55,PityC,5,6,NA,3,NA,NA
254,female,28,EnvyC,7,6,NA,NA,NA,5
255,male,31,Baseline,5,6,NA,NA,NA,NA
256,female,24,PityAD,6,5,3,NA,NA,NA
257,female,35,EnvyAD,7,6,NA,NA,2,NA
258,male,26,EnvyC,5,6,NA,NA,NA,2
259,male,28,EnvyAD,5,4,NA,NA,3,NA
260,male,36,Baseline,6,5,NA,NA,NA,NA
261,male,36,PityC,7,6,NA,3,NA,NA
262,male,46,PityAD,5,7,5,NA,NA,NA
263,male,32,PityAD,7,3,6,NA,NA,NA
264,male,26,Baseline,5,7,NA,NA,NA,NA
265,female,52,EnvyAD,7,6,NA,NA,5,NA
266,female,30,EnvyC,3,5,NA,NA,NA,5
267,female,22,PityC,5,7,NA,2,NA,NA
268,male,67,PityC,4,6,NA,1,NA,NA
269,female,45,Baseline,7,7,NA,NA,NA,NA
270,male,23,EnvyAD,6,7,NA,NA,6,NA
271,female,55,PityAD,6,3,5,NA,NA,NA
272,female,66,EnvyC,6,7,NA,NA,NA,6
273,female,25,Baseline,6,7,NA,NA,NA,NA
274,female,27,EnvyC,7,7,NA,NA,NA,5
275,female,59,PityC,4,4,NA,7,NA,NA
276,female,22,EnvyAD,5,7,NA,NA,5,NA
277,male,40,EnvyAD,3,5,NA,NA,3,NA
278,female,55,EnvyC,4,5,NA,NA,NA,5
279,female,34,Baseline,4,7,NA,NA,NA,NA
280,male,28,PityC,7,3,NA,1,NA,NA
281,female,58,PityC,6,7,NA,1,NA,NA
282,male,31,PityAD,6,6,6,NA,NA,NA
283,female,30,EnvyAD,5,7,NA,NA,7,NA
284,female,26,EnvyC,5,7,NA,NA,NA,1
285,male,43,Baseline,5,6,NA,NA,NA,NA
286,male,27,EnvyAD,3,7,NA,NA,5,NA
287,male,27,EnvyC,6,5,NA,NA,NA,4
288,female,33,Baseline,5,7,NA,NA,NA,NA
289,female,25,PityAD,4,5,3,NA,NA,NA
290,female,28,PityC,7,6,NA,4,NA,NA
291,male,53,PityC,6,4,NA,1,NA,NA
292,female,27,EnvyC,6,7,NA,NA,NA,3
293,female,37,EnvyAD,3,7,NA,NA,5,NA
294,male,41,Baseline,5,7,NA,NA,NA,NA
295,female,25,PityAD,5,7,3,NA,NA,NA
296,female,41,EnvyAD,5,6,NA,NA,5,NA
297,male,28,PityAD,3,6,2,NA,NA,NA
298,male,32,EnvyAD,6,3,NA,NA,3,NA
299,female,35,PityC,5,7,NA,1,NA,NA
300,male,29,EnvyC,5,6,NA,NA,NA,6
301,male,50,Baseline,5,7,NA,NA,NA,NA
302,female,63,EnvyC,5,7,NA,NA,NA,3
303,male,41,PityC,5,5,NA,5,NA,NA
304,female,45,PityAD,5,3,5,NA,NA,NA
305,female,55,Baseline,3,7,NA,NA,NA,NA
306,female,33,PityC,5,7,NA,1,NA,NA
307,female,36,Baseline,7,7,NA,NA,NA,NA
308,female,50,EnvyC,5,5,NA,NA,NA,2
309,female,25,EnvyAD,6,4,NA,NA,2,NA
310,female,52,PityAD,3,7,3,NA,NA,NA
311,female,33,EnvyAD,7,5,NA,NA,5,NA
312,female,33,Baseline,6,6,NA,NA,NA,NA
313,male,35,PityC,5,6,NA,2,NA,NA
314,female,32,PityAD,5,5,3,NA,NA,NA
315,male,44,EnvyC,5,7,NA,NA,NA,2
316,female,35,PityAD,6,6,7,NA,NA,NA
317,male,60,PityC,5,7,NA,3,NA,NA
318,male,32,Baseline,5,7,NA,NA,NA,NA
319,male,25,EnvyAD,4,5,NA,NA,4,NA
320,female,42,EnvyC,7,5,NA,NA,NA,4
321,female,30,PityC,6,5,NA,3,NA,NA
322,female,46,PityAD,6,7,3,NA,NA,NA
323,female,57,EnvyAD,5,7,NA,NA,3,NA
324,female,34,Baseline,6,6,NA,NA,NA,NA
325,male,36,EnvyC,3,6,NA,NA,NA,3
326,female,28,EnvyAD,5,6,NA,NA,3,NA
327,male,62,Baseline,3,6,NA,NA,NA,NA
328,female,42,EnvyC,6,6,NA,NA,NA,3
329,male,29,PityC,6,7,NA,2,NA,NA
330,male,40,PityAD,5,6,3,NA,NA,NA
331,male,35,PityAD,5,6,4,NA,NA,NA
332,male,24,PityC,5,7,NA,2,NA,NA
333,male,37,EnvyAD,5,6,NA,NA,5,NA
334,female,29,EnvyC,7,7,NA,NA,NA,1
335,female,33,Baseline,7,5,NA,NA,NA,NA
336,female,40,EnvyAD,2,6,NA,NA,5,NA
337,male,44,EnvyC,5,7,NA,NA,NA,5
338,male,20,PityAD,7,5,6,NA,NA,NA
339,female,42,Baseline,6,5,NA,NA,NA,NA
340,female,31,PityC,5,6,NA,2,NA,NA
341,female,31,PityC,5,5,NA,5,NA,NA
342,female,33,EnvyAD,7,5,NA,NA,4,NA
343,male,36,PityAD,3,5,4,NA,NA,NA
344,male,18,Baseline,7,5,NA,NA,NA,NA
345,male,49,EnvyC,5,7,NA,NA,NA,3
346,female,39,EnvyAD,6,6,NA,NA,4,NA
347,female,34,PityC,4,6,NA,3,NA,NA
348,male,28,Baseline,3,7,NA,NA,NA,NA
349,male,31,EnvyC,6,6,NA,NA,NA,2
350,female,33,PityC,7,6,NA,2,NA,NA
351,female,27,PityAD,4,5,3,NA,NA,NA
352,male,29,PityAD,4,7,3,NA,NA,NA
353,male,30,EnvyAD,5,6,NA,NA,6,NA
354,female,46,PityC,7,5,NA,3,NA,NA
355,male,26,EnvyC,2,6,NA,NA,NA,6
356,female,23,PityAD,5,5,3,NA,NA,NA
357,female,23,Baseline,6,5,NA,NA,NA,NA
358,female,30,Baseline,7,5,NA,NA,NA,NA
359,male,31,EnvyAD,6,6,NA,NA,5,NA
360,male,25,EnvyAD,2,7,NA,NA,6,NA
361,female,29,Baseline,7,3,NA,NA,NA,NA
362,female,27,EnvyC,2,6,NA,NA,NA,3
363,male,49,PityC,5,7,NA,2,NA,NA
364,female,43,EnvyAD,5,7,NA,NA,6,NA
365,other,31,PityAD,6,6,6,NA,NA,NA
366,female,42,Baseline,7,6,NA,NA,NA,NA
367,male,42,EnvyC,6,4,NA,NA,NA,2
368,male,38,EnvyC,6,5,NA,NA,NA,2
369,female,19,PityAD,6,5,7,NA,NA,NA
370,male,19,EnvyAD,4,7,NA,NA,5,NA
371,male,26,PityAD,3,7,2,NA,NA,NA
372,female,55,PityC,3,5,NA,6,NA,NA
373,female,40,Baseline,3,5,NA,NA,NA,NA
374,male,23,EnvyC,5,6,NA,NA,NA,2
375,female,51,EnvyAD,5,6,NA,NA,7,NA
376,female,43,Baseline,5,6,NA,NA,NA,NA
377,male,38,EnvyC,6,5,NA,NA,NA,3
378,female,29,PityC,6,5,NA,2,NA,NA
379,female,26,PityAD,6,5,3,NA,NA,NA
380,female,42,EnvyAD,7,7,NA,NA,7,NA
381,female,50,PityC,4,5,NA,1,NA,NA
382,female,32,PityAD,7,7,5,NA,NA,NA
383,female,53,EnvyC,5,7,NA,NA,NA,2
384,female,66,Baseline,5,7,NA,NA,NA,NA
385,female,31,EnvyC,5,6,NA,NA,NA,2
386,female,47,PityC,6,5,NA,2,NA,NA
387,male,23,PityAD,5,5,5,NA,NA,NA
388,female,22,EnvyAD,7,6,NA,NA,5,NA
389,male,34,Baseline,6,7,NA,NA,NA,NA
390,female,27,PityAD,7,6,6,NA,NA,NA
391,female,57,EnvyC,5,7,NA,NA,NA,5
392,female,30,Baseline,6,7,NA,NA,NA,NA
393,female,39,PityC,4,5,NA,2,NA,NA
394,female,39,Baseline,5,6,NA,NA,NA,NA
395,male,34,EnvyAD,4,4,NA,NA,4,NA
396,female,34,PityAD,5,7,6,NA,NA,NA
397,male,26,PityC,3,7,NA,2,NA,NA
398,female,43,EnvyC,6,6,NA,NA,NA,7
399,female,24,EnvyAD,2,6,NA,NA,5,NA
400,male,36,Baseline,7,3,NA,NA,NA,NA
401,male,23,EnvyC,5,7,NA,NA,NA,5
402,male,30,PityAD,7,3,5,NA,NA,NA
403,female,45,PityC,5,7,NA,2,NA,NA
404,male,30,EnvyAD,6,5,NA,NA,2,NA
405,female,60,EnvyAD,4,6,NA,NA,5,NA
406,female,35,Baseline,5,6,NA,NA,NA,NA
407,male,46,EnvyC,1,7,NA,NA,NA,1
408,male,24,PityAD,4,6,3,NA,NA,NA
409,female,22,PityC,5,7,NA,1,NA,NA
410,male,27,Baseline,6,7,NA,NA,NA,NA
411,male,29,PityAD,5,7,3,NA,NA,NA
412,male,34,EnvyAD,5,7,NA,NA,3,NA
413,male,36,PityAD,5,6,3,NA,NA,NA
414,male,22,EnvyC,6,5,NA,NA,NA,2
415,female,62,PityC,4,6,NA,2,NA,NA
416,female,31,EnvyC,5,6,NA,NA,NA,3
417,male,32,PityC,5,7,NA,2,NA,NA
418,female,24,Baseline,3,6,NA,NA,NA,NA
419,female,54,EnvyAD,6,6,NA,NA,7,NA
420,male,26,PityAD,3,5,5,NA,NA,NA
421,female,47,PityC,3,5,NA,1,NA,NA
422,female,31,EnvyAD,7,7,NA,NA,7,NA
423,male,47,Baseline,6,5,NA,NA,NA,NA
424,male,30,PityC,5,6,NA,3,NA,NA
425,female,44,EnvyC,7,6,NA,NA,NA,3
426,female,33,Baseline,6,5,NA,NA,NA,NA
427,male,43,PityAD,5,6,4,NA,NA,NA
428,male,27,EnvyC,4,5,NA,NA,NA,6
429,male,33,PityAD,5,7,3,NA,NA,NA
430,male,26,EnvyAD,6,5,NA,NA,3,NA
431,female,36,EnvyC,3,7,NA,NA,NA,2
432,male,33,EnvyAD,3,6,NA,NA,6,NA
433,male,38,PityC,7,7,NA,3,NA,NA
434,female,26,Baseline,5,6,NA,NA,NA,NA
435,female,28,PityAD,5,6,6,NA,NA,NA
436,female,23,Baseline,4,6,NA,NA,NA,NA
437,male,53,EnvyAD,2,7,NA,NA,1,NA
438,female,20,EnvyC,5,3,NA,NA,NA,3
439,female,31,PityC,6,6,NA,1,NA,NA
440,female,46,EnvyC,4,6,NA,NA,NA,4
441,female,31,PityAD,7,6,5,NA,NA,NA
442,male,32,EnvyAD,6,4,NA,NA,3,NA
443,male,48,PityC,7,6,NA,1,NA,NA
444,female,47,Baseline,6,7,NA,NA,NA,NA
445,female,62,PityC,5,7,NA,2,NA,NA
446,female,57,Baseline,5,6,NA,NA,NA,NA
447,male,25,EnvyC,3,7,NA,NA,NA,6
448,female,31,PityAD,5,7,2,NA,NA,NA
449,male,27,EnvyAD,6,7,NA,NA,5,NA
450,female,39,EnvyAD,5,6,NA,NA,3,NA
451,male,41,PityAD,5,5,3,NA,NA,NA
452,female,36,Baseline,5,3,NA,NA,NA,NA
453,male,33,PityC,5,6,NA,5,NA,NA
454,female,50,PityC,6,2,NA,1,NA,NA
455,female,31,EnvyC,5,7,NA,NA,NA,3
456,female,33,PityAD,5,7,2,NA,NA,NA
457,male,47,EnvyAD,6,6,NA,NA,6,NA
458,female,27,Baseline,7,5,NA,NA,NA,NA
459,male,32,EnvyC,7,7,NA,NA,NA,1
460,male,19,Baseline,5,5,NA,NA,NA,NA
461,male,23,EnvyC,7,5,NA,NA,NA,4
462,female,32,PityC,5,6,NA,1,NA,NA
463,female,20,PityAD,7,7,5,NA,NA,NA
464,female,23,Baseline,5,3,NA,NA,NA,NA
465,female,38,EnvyAD,3,7,NA,NA,5,NA
466,male,29,PityAD,7,6,2,NA,NA,NA
467,male,49,EnvyC,6,7,NA,NA,NA,3
468,female,22,PityC,7,6,NA,2,NA,NA
469,female,23,EnvyAD,6,7,NA,NA,5,NA
470,female,61,EnvyAD,4,5,NA,NA,4,NA
471,male,24,PityC,5,6,NA,1,NA,NA
472,female,39,Baseline,6,5,NA,NA,NA,NA
473,female,24,EnvyC,5,6,NA,NA,NA,2
474,female,39,PityAD,5,5,2,NA,NA,NA
475,male,31,Baseline,5,7,NA,NA,NA,NA
476,female,29,PityAD,6,4,5,NA,NA,NA
477,male,32,PityC,5,7,NA,2,NA,NA
478,male,49,EnvyAD,7,3,NA,NA,1,NA
479,female,24,EnvyC,5,5,NA,NA,NA,3
480,female,42,EnvyC,7,5,NA,NA,NA,3
481,male,49,Baseline,5,6,NA,NA,NA,NA
482,female,27,PityC,6,6,NA,1,NA,NA
483,male,45,PityAD,5,5,5,NA,NA,NA
484,female,28,EnvyAD,5,6,NA,NA,6,NA
485,female,21,PityC,5,6,NA,2,NA,NA
486,male,19,EnvyC,6,6,NA,NA,NA,6
487,female,34,Baseline,6,6,NA,NA,NA,NA
488,female,26,EnvyC,6,7,NA,NA,NA,3
489,male,30,EnvyAD,6,7,NA,NA,6,NA
490,female,26,PityAD,5,6,4,NA,NA,NA
491,male,45,EnvyAD,5,5,NA,NA,4,NA
492,female,37,Baseline,5,6,NA,NA,NA,NA
493,female,45,PityC,6,6,NA,2,NA,NA
494,female,32,PityAD,6,6,7,NA,NA,NA
495,male,54,PityAD,5,5,4,NA,NA,NA
496,male,54,Baseline,3,6,NA,NA,NA,NA
497,female,32,EnvyC,6,6,NA,NA,NA,5
498,female,23,Baseline,7,5,NA,NA,NA,NA
499,male,26,EnvyAD,2,6,NA,NA,7,NA
500,female,36,EnvyAD,4,5,NA,NA,4,NA
501,female,37,PityC,7,6,NA,2,NA,NA
502,female,49,PityAD,7,5,3,NA,NA,NA
503,male,54,EnvyC,1,6,NA,NA,NA,2
504,female,27,Baseline,7,5,NA,NA,NA,NA
505,male,20,PityC,7,6,NA,2,NA,NA
506,female,31,EnvyC,3,5,NA,NA,NA,7
507,male,27,EnvyAD,7,7,NA,NA,7,NA
508,female,36,PityAD,6,7,5,NA,NA,NA
509,female,22,PityC,5,6,NA,4,NA,NA
510,male,34,EnvyC,5,5,NA,NA,NA,6
511,male,28,Baseline,4,4,NA,NA,NA,NA
512,female,49,PityAD,6,5,5,NA,NA,NA
513,female,38,EnvyAD,6,7,NA,NA,5,NA
514,female,32,PityC,6,7,NA,2,NA,NA
515,male,30,EnvyC,5,6,NA,NA,NA,2
516,male,38,EnvyAD,6,7,NA,NA,7,NA
517,female,36,PityC,5,5,NA,3,NA,NA
518,female,22,PityAD,7,7,7,NA,NA,NA
519,male,56,EnvyAD,6,5,NA,NA,5,NA
520,male,26,Baseline,5,7,NA,NA,NA,NA
521,male,23,EnvyC,4,6,NA,NA,NA,5
522,female,29,Baseline,7,5,NA,NA,NA,NA
523,female,27,EnvyC,7,6,NA,NA,NA,3
524,female,41,PityC,4,6,NA,2,NA,NA
525,male,20,Baseline,6,6,NA,NA,NA,NA
526,female,31,PityAD,7,5,5,NA,NA,NA
527,female,30,EnvyAD,5,7,NA,NA,5,NA
528,female,34,PityAD,5,7,1,NA,NA,NA
529,female,59,PityC,3,6,NA,3,NA,NA
530,male,39,PityAD,5,2,6,NA,NA,NA
531,female,49,EnvyAD,5,7,NA,NA,5,NA
532,female,26,Baseline,6,6,NA,NA,NA,NA
533,female,54,EnvyC,7,7,NA,NA,NA,5
534,female,28,PityC,6,7,NA,3,NA,NA
535,female,38,EnvyAD,7,6,NA,NA,6,NA
536,female,38,PityAD,7,3,5,NA,NA,NA
537,female,21,EnvyC,3,7,NA,NA,NA,5
538,female,50,PityC,6,5,NA,3,NA,NA
539,male,31,Baseline,6,5,NA,NA,NA,NA
540,female,31,PityC,4,4,NA,2,NA,NA
541,female,33,PityAD,5,5,5,NA,NA,NA
542,male,29,EnvyAD,4,6,NA,NA,3,NA
543,female,28,EnvyC,4,6,NA,NA,NA,3
544,female,25,Baseline,6,2,NA,NA,NA,NA
545,male,27,Baseline,5,6,NA,NA,NA,NA
546,female,22,PityAD,5,7,2,NA,NA,NA
547,female,23,EnvyAD,3,6,NA,NA,3,NA
548,female,31,PityC,5,6,NA,2,NA,NA
549,female,33,EnvyC,7,5,NA,NA,NA,1
550,female,21,Baseline,6,7,NA,NA,NA,NA
551,male,22,PityAD,7,7,7,NA,NA,NA
552,male,33,EnvyC,6,4,NA,NA,NA,2
553,female,31,EnvyAD,2,7,NA,NA,3,NA
554,male,25,PityC,5,6,NA,1,NA,NA
555,female,29,EnvyC,7,4,NA,NA,NA,2
556,male,49,PityC,6,5,NA,3,NA,NA
557,male,19,EnvyAD,5,5,NA,NA,6,NA
558,female,21,Baseline,6,5,NA,NA,NA,NA
559,female,34,PityAD,7,6,5,NA,NA,NA
560,female,44,EnvyC,5,6,NA,NA,NA,3
561,male,24,EnvyAD,7,6,NA,NA,7,NA
562,female,29,PityAD,5,6,2,NA,NA,NA
563,female,40,Baseline,5,5,NA,NA,NA,NA
564,female,20,EnvyAD,7,7,NA,NA,6,NA
565,male,21,Baseline,6,5,NA,NA,NA,NA
566,female,41,PityC,5,7,NA,1,NA,NA
567,female,27,EnvyC,3,7,NA,NA,NA,5
568,female,39,PityAD,7,3,5,NA,NA,NA
569,female,36,PityAD,7,5,6,NA,NA,NA
570,male,30,EnvyC,6,6,NA,NA,NA,2
571,male,46,EnvyAD,6,6,NA,NA,3,NA
572,female,47,PityC,6,5,NA,1,NA,NA
573,female,34,Baseline,5,7,NA,NA,NA,NA
574,female,25,EnvyC,6,7,NA,NA,NA,5
575,female,32,PityC,6,6,NA,3,NA,NA
576,female,56,PityAD,6,6,7,NA,NA,NA
577,male,27,EnvyAD,3,7,NA,NA,5,NA
578,female,73,Baseline,6,6,NA,NA,NA,NA
579,female,62,EnvyAD,6,7,NA,NA,6,NA
580,female,32,PityC,7,6,NA,3,NA,NA
581,male,27,Baseline,7,7,NA,NA,NA,NA
582,female,25,EnvyC,6,7,NA,NA,NA,6
583,female,40,PityAD,6,5,3,NA,NA,NA
584,male,31,Baseline,3,6,NA,NA,NA,NA
585,female,30,PityAD,6,7,5,NA,NA,NA
586,female,29,PityC,5,6,NA,2,NA,NA
587,female,41,EnvyAD,7,5,NA,NA,5,NA
588,male,30,EnvyC,6,5,NA,NA,NA,3
589,female,33,EnvyAD,5,5,NA,NA,6,NA
590,female,37,PityAD,4,6,3,NA,NA,NA
591,male,35,EnvyC,7,7,NA,NA,NA,5
592,female,25,PityC,6,5,NA,3,NA,NA
593,male,38,Baseline,6,5,NA,NA,NA,NA
594,female,62,EnvyC,4,6,NA,NA,NA,2
595,female,61,Baseline,4,4,NA,NA,NA,NA
596,male,47,EnvyAD,5,7,NA,NA,1,NA
597,male,32,PityAD,6,7,2,NA,NA,NA
598,female,77,EnvyC,6,6,NA,NA,NA,5
599,female,29,PityAD,5,3,6,NA,NA,NA
600,male,39,EnvyAD,6,7,NA,NA,6,NA
601,male,34,PityC,4,6,NA,1,NA,NA
602,female,71,Baseline,6,7,NA,NA,NA,NA
603,female,38,PityAD,6,5,5,NA,NA,NA
604,female,55,EnvyAD,5,6,NA,NA,2,NA
605,female,35,PityC,5,5,NA,5,NA,NA
606,female,43,EnvyC,5,6,NA,NA,NA,2
607,female,37,Baseline,3,6,NA,NA,NA,NA
608,female,30,PityC,6,5,NA,2,NA,NA
609,female,27,PityAD,7,6,7,NA,NA,NA
610,female,21,PityC,7,4,NA,7,NA,NA
611,female,64,EnvyC,3,5,NA,NA,NA,5
612,female,44,Baseline,6,7,NA,NA,NA,NA
613,male,32,EnvyAD,3,5,NA,NA,4,NA
614,male,68,EnvyAD,4,4,NA,NA,4,NA
615,female,34,PityC,7,6,NA,3,NA,NA
616,female,38,EnvyC,3,6,NA,NA,NA,1
617,female,30,Baseline,7,6,NA,NA,NA,NA
618,female,43,PityAD,5,5,3,NA,NA,NA
619,female,30,EnvyAD,6,6,NA,NA,5,NA
620,female,34,PityC,4,7,NA,1,NA,NA
621,female,24,Baseline,6,6,NA,NA,NA,NA
622,female,26,EnvyC,7,7,NA,NA,NA,4
623,female,26,PityAD,6,5,2,NA,NA,NA
624,male,34,EnvyAD,4,6,NA,NA,1,NA
625,female,49,EnvyC,5,5,NA,NA,NA,3
626,male,43,PityAD,4,5,5,NA,NA,NA
627,female,38,PityC,7,5,NA,2,NA,NA
628,female,31,Baseline,7,7,NA,NA,NA,NA
629,female,37,Baseline,5,3,NA,NA,NA,NA
630,female,30,PityC,6,6,NA,3,NA,NA
631,female,39,PityAD,7,5,6,NA,NA,NA
632,female,41,PityC,6,4,NA,5,NA,NA
633,female,50,EnvyAD,3,6,NA,NA,3,NA
634,female,28,PityAD,7,5,7,NA,NA,NA
635,male,62,EnvyAD,5,5,NA,NA,5,NA
636,female,33,PityC,5,7,NA,6,NA,NA
637,male,22,Baseline,6,5,NA,NA,NA,NA
638,female,21,EnvyC,6,5,NA,NA,NA,4
639,female,50,EnvyC,7,5,NA,NA,NA,4
640,female,46,EnvyAD,7,7,NA,NA,7,NA
641,female,24,Baseline,6,6,NA,NA,NA,NA
642,male,58,PityAD,6,1,3,NA,NA,NA
643,female,64,Baseline,5,5,NA,NA,NA,NA
644,female,57,EnvyAD,6,7,NA,NA,5,NA
645,female,27,EnvyC,3,6,NA,NA,NA,3
646,male,33,PityC,4,5,NA,6,NA,NA
647,male,34,PityC,5,7,NA,2,NA,NA
648,male,35,Baseline,6,5,NA,NA,NA,NA
649,female,33,EnvyC,7,6,NA,NA,NA,4
650,male,31,EnvyAD,5,6,NA,NA,2,NA
651,female,33,PityAD,6,7,5,NA,NA,NA
652,male,35,EnvyC,6,6,NA,NA,NA,5
653,female,53,EnvyAD,7,7,NA,NA,5,NA
654,male,40,Baseline,2,7,NA,NA,NA,NA
655,female,36,PityC,7,3,NA,2,NA,NA
656,male,NA,PityAD,6,3,3,NA,NA,NA
657,male,35,EnvyC,4,5,NA,NA,NA,6
658,female,52,PityC,1,7,NA,1,NA,NA
659,female,29,PityAD,7,5,6,NA,NA,NA
660,female,38,EnvyAD,6,6,NA,NA,3,NA
661,male,43,EnvyAD,7,5,NA,NA,3,NA
662,female,35,EnvyC,6,7,NA,NA,NA,5
663,female,25,EnvyC,6,7,NA,NA,NA,6
664,female,23,PityAD,5,7,5,NA,NA,NA
665,male,45,PityC,5,7,NA,1,NA,NA
666,male,34,Baseline,6,3,NA,NA,NA,NA
667,female,38,Baseline,7,7,NA,NA,NA,NA
668,female,42,PityC,6,7,NA,3,NA,NA
669,female,48,Baseline,7,7,NA,NA,NA,NA
670,female,39,PityAD,7,7,6,NA,NA,NA
671,female,30,EnvyC,5,5,NA,NA,NA,3
672,female,33,EnvyAD,5,7,NA,NA,3,NA
673,female,51,Baseline,5,5,NA,NA,NA,NA
674,female,36,PityAD,6,5,3,NA,NA,NA
675,female,40,PityAD,4,6,4,NA,NA,NA
676,female,54,PityC,4,5,NA,2,NA,NA
677,male,31,EnvyAD,7,6,NA,NA,6,NA
678,female,46,PityC,7,7,NA,4,NA,NA
679,female,28,EnvyAD,6,6,NA,NA,6,NA
680,female,44,Baseline,5,7,NA,NA,NA,NA
681,female,34,EnvyC,5,7,NA,NA,NA,5
682,female,35,Baseline,6,4,NA,NA,NA,NA
683,male,47,EnvyAD,2,6,NA,NA,5,NA
684,female,38,PityAD,6,7,5,NA,NA,NA
685,female,31,EnvyC,5,5,NA,NA,NA,4
686,female,29,PityC,6,6,NA,5,NA,NA
687,female,50,Baseline,6,4,NA,NA,NA,NA
688,female,49,EnvyC,6,7,NA,NA,NA,1
689,male,33,EnvyAD,6,5,NA,NA,4,NA
690,female,35,PityC,7,5,NA,2,NA,NA
691,female,36,PityAD,5,7,4,NA,NA,NA
692,male,32,Baseline,6,6,NA,NA,NA,NA
693,female,29,PityAD,6,7,3,NA,NA,NA
694,female,28,EnvyC,3,4,NA,NA,NA,7
695,male,22,EnvyC,3,6,NA,NA,NA,5
696,female,28,PityC,5,7,NA,2,NA,NA
697,female,29,EnvyAD,6,6,NA,NA,7,NA
698,female,31,EnvyAD,6,5,NA,NA,4,NA
699,female,37,PityC,4,6,NA,2,NA,NA
700,female,48,Baseline,5,6,NA,NA,NA,NA
701,male,46,PityAD,7,5,3,NA,NA,NA
702,male,30,Baseline,7,5,NA,NA,NA,NA
703,female,40,PityAD,7,5,5,NA,NA,NA
704,female,33,EnvyC,5,4,NA,NA,NA,5
705,female,36,PityAD,5,6,3,NA,NA,NA
706,female,42,EnvyAD,6,6,NA,NA,7,NA
707,male,47,Baseline,5,6,NA,NA,NA,NA
708,female,35,EnvyAD,7,6,NA,NA,5,NA
709,male,26,EnvyC,5,7,NA,NA,NA,3
710,female,35,PityC,6,7,NA,3,NA,NA
711,female,23,PityAD,5,7,3,NA,NA,NA
712,male,48,PityC,7,6,NA,5,NA,NA
713,male,33,EnvyAD,4,5,NA,NA,5,NA
714,male,44,PityC,5,7,NA,2,NA,NA
715,female,34,Baseline,5,6,NA,NA,NA,NA
716,female,46,EnvyC,7,5,NA,NA,NA,1
717,female,25,EnvyAD,5,6,NA,NA,4,NA
718,female,39,Baseline,7,6,NA,NA,NA,NA
719,female,47,EnvyC,6,7,NA,NA,NA,5
720,male,39,PityAD,7,5,3,NA,NA,NA
721,female,28,PityC,5,6,NA,3,NA,NA
722,female,67,EnvyAD,5,7,NA,NA,5,NA
723,female,33,Baseline,6,5,NA,NA,NA,NA
724,female,33,PityC,6,5,NA,3,NA,NA
725,male,27,PityAD,7,6,3,NA,NA,NA
726,male,55,EnvyC,7,5,NA,NA,NA,3
727,female,41,PityAD,5,5,6,NA,NA,NA
728,female,33,EnvyAD,5,6,NA,NA,3,NA
729,female,42,PityC,6,7,NA,2,NA,NA
730,female,25,Baseline,3,5,NA,NA,NA,NA
731,female,47,EnvyC,7,6,NA,NA,NA,1
732,female,27,PityAD,7,7,7,NA,NA,NA
733,male,32,EnvyC,7,7,NA,NA,NA,7
734,male,44,PityC,4,6,NA,2,NA,NA
735,female,26,Baseline,5,5,NA,NA,NA,NA
736,female,33,EnvyAD,6,4,NA,NA,3,NA
737,female,25,Baseline,4,5,NA,NA,NA,NA
738,female,34,EnvyAD,7,6,NA,NA,5,NA
739,female,24,PityC,6,6,NA,4,NA,NA
740,female,31,PityAD,7,7,7,NA,NA,NA
741,female,22,EnvyC,5,6,NA,NA,NA,5
742,female,44,PityAD,5,5,5,NA,NA,NA
743,female,44,EnvyAD,7,3,NA,NA,2,NA
744,female,21,Baseline,7,5,NA,NA,NA,NA
745,male,28,PityC,7,6,NA,4,NA,NA
746,female,33,EnvyC,3,6,NA,NA,NA,5
747,male,45,PityC,4,6,NA,2,NA,NA
748,female,29,EnvyC,3,7,NA,NA,NA,5
749,female,25,PityAD,7,6,4,NA,NA,NA
750,male,21,Baseline,5,6,NA,NA,NA,NA
751,female,28,EnvyAD,4,7,NA,NA,5,NA
752,female,35,EnvyAD,5,7,NA,NA,7,NA
753,male,27,PityAD,3,7,2,NA,NA,NA
754,female,29,EnvyC,3,7,NA,NA,NA,6
755,female,43,Baseline,7,6,NA,NA,NA,NA
756,female,21,Baseline,6,4,NA,NA,NA,NA
757,female,27,PityC,3,6,NA,3,NA,NA
758,male,28,EnvyAD,5,6,NA,NA,3,NA
759,female,30,EnvyC,6,4,NA,NA,NA,2
760,female,34,PityC,3,6,NA,2,NA,NA
761,female,22,PityAD,3,6,2,NA,NA,NA
762,male,70,EnvyAD,5,4,NA,NA,4,NA
763,female,20,PityC,3,7,NA,3,NA,NA
764,male,44,EnvyC,5,7,NA,NA,NA,2
765,female,53,Baseline,6,5,NA,NA,NA,NA
766,male,43,PityAD,5,7,5,NA,NA,NA
767,female,29,PityC,6,3,NA,3,NA,NA
768,male,33,Baseline,7,7,NA,NA,NA,NA
769,male,32,PityAD,6,3,5,NA,NA,NA
770,female,21,EnvyC,6,6,NA,NA,NA,6
771,male,29,EnvyAD,2,6,NA,NA,2,NA
772,female,23,Baseline,6,6,NA,NA,NA,NA
773,female,34,PityC,5,7,NA,2,NA,NA
774,female,21,EnvyAD,5,6,NA,NA,3,NA
775,female,36,EnvyC,6,6,NA,NA,NA,5
776,female,50,PityC,7,6,NA,2,NA,NA
777,male,47,PityAD,5,7,3,NA,NA,NA
778,female,26,PityAD,6,7,5,NA,NA,NA
779,male,58,EnvyC,5,7,NA,NA,NA,1
780,female,60,Baseline,7,4,NA,NA,NA,NA
781,female,32,EnvyAD,3,6,NA,NA,5,NA
782,female,22,EnvyC,5,5,NA,NA,NA,2
783,female,27,EnvyAD,3,7,NA,NA,5,NA
784,female,28,PityAD,6,6,6,NA,NA,NA
785,female,42,Baseline,3,6,NA,NA,NA,NA
786,female,25,EnvyC,7,6,NA,NA,NA,2
787,female,34,PityC,6,7,NA,2,NA,NA
788,male,NA,PityAD,6,5,3,NA,NA,NA
789,female,45,Baseline,5,6,NA,NA,NA,NA
790,female,29,EnvyAD,6,5,NA,NA,5,NA
791,male,66,PityC,5,6,NA,2,NA,NA
792,prefer not to answer,35,EnvyAD,7,6,NA,NA,6,NA
793,female,44,PityAD,7,7,7,NA,NA,NA
794,female,26,Baseline,3,7,NA,NA,NA,NA
795,male,25,EnvyC,6,4,NA,NA,NA,6
796,male,42,PityC,6,7,NA,1,NA,NA
797,male,43,Baseline,6,5,NA,NA,NA,NA
798,female,46,EnvyC,3,6,NA,NA,NA,3
799,female,29,PityC,5,6,NA,3,NA,NA